date,order_id,customer_id,customer_name,product,category,subcategory,quantity,amount
2026-06-24 10:52,ORD5004,C1035,Sana D.,Kundan Studs,Jewellery,Earrings,1,399
2026-06-24 14:10,ORD5003,C1023,Vidya G.,"Block Print Kurta, Rust",Clothing,Kurtas,1,1499
2026-06-24 14:10,ORD5003,C1023,Vidya G.,Kundan Studs,Jewellery,Earrings,2,798
2026-06-24 14:10,ORD5003,C1023,Vidya G.,"Mogra Attar, 6 ml",Fragrance,Attars,2,1098
2026-06-24 17:32,ORD5006,C1042,Vidya M.,"Block Print Kurta, Rust",Clothing,Kurtas,1,1499
2026-06-24 17:48,ORD5002,C1013,Manya P.,"Cotton Kurta, Indigo",Clothing,Kurtas,1,1299
2026-06-24 17:48,ORD5002,C1013,Manya P.,Brass Kada,Jewellery,Bangles,1,549
2026-06-24 19:01,ORD5005,C1038,Rahul B.,"Linen Saree, Olive",Clothing,Sarees,1,2799
2026-06-24 20:04,ORD5001,C1011,Vidya R.,"Bandhani Dupatta, Pink",Clothing,Dupattas,1,699
2026-06-24 20:10,ORD5009,C1048,Zoya R.,Attar Discovery Set,Fragrance,Gift sets,1,1199
2026-06-24 20:44,ORD5008,C1047,Anjali D.,"Sandalwood Eau de Parfum, 50 ml",Fragrance,Perfumes,1,1299
2026-06-24 20:58,ORD5007,C1046,Divya D.,"Handloom Saree, Maroon",Clothing,Sarees,1,3499
2026-06-25 20:05,ORD5014,C1051,Zoya R.,Oxidised Jhumkas,Jewellery,Earrings,1,449
2026-06-25 20:30,ORD5013,C1050,Diya V.,"Linen Co-ord Set, Sage",Clothing,Co-ord sets,1,2199
2026-06-25 20:43,ORD5012,C1049,Sneha K.,Pearl Drop Earrings,Jewellery,Earrings,1,599
2026-06-25 20:54,ORD5011,C1048,Zoya R.,Silver Choker,Jewellery,Necklaces,1,899
2026-06-25 21:40,ORD5015,C1052,Diya T.,Oxidised Jhumkas,Jewellery,Earrings,1,449
2026-06-25 21:40,ORD5015,C1052,Diya T.,"Block Print Kurta, Rust",Clothing,Kurtas,1,1499
2026-06-25 22:17,ORD5010,C1001,Pooja J.,Oxidised Jhumkas,Jewellery,Earrings,1,449
2026-06-25 22:17,ORD5010,C1001,Pooja J.,"Cotton Kurta, Indigo",Clothing,Kurtas,1,1299
2026-06-26 14:39,ORD5021,C1052,Diya T.,"Linen Saree, Olive",Clothing,Sarees,1,2799
2026-06-26 14:39,ORD5021,C1052,Diya T.,Glass Bangle Set,Jewellery,Bangles,1,349
2026-06-26 19:09,ORD5018,C1022,Anjali G.,"Linen Saree, Olive",Clothing,Sarees,1,2799
2026-06-26 19:18,ORD5017,C1009,Priya N.,Oxidised Jhumkas,Jewellery,Earrings,1,449
2026-06-26 19:55,ORD5020,C1053,Vanya C.,"Phulkari Dupatta, Mustard",Clothing,Dupattas,1,899
2026-06-26 19:55,ORD5020,C1053,Vanya C.,Adjustable Silver Ring,Jewellery,Rings,1,299
2026-06-26 19:57,ORD5016,C1003,Meera N.,"Mogra Attar, 6 ml",Fragrance,Attars,1,549
2026-06-26 20:48,ORD5019,C1023,Vidya G.,"Bandhani Dupatta, Pink",Clothing,Dupattas,1,699
2026-06-26 20:48,ORD5019,C1023,Vidya G.,"Cotton Kurta, Indigo",Clothing,Kurtas,1,1299
2026-06-27 17:03,ORD5025,C1010,Yashika S.,Adjustable Silver Ring,Jewellery,Rings,1,299
2026-06-27 17:35,ORD5035,C1059,Radhika N.,Pearl Drop Earrings,Jewellery,Earrings,1,599
2026-06-27 19:05,ORD5034,C1058,Shreya V.,"Cotton Kurta, Indigo",Clothing,Kurtas,1,1299
2026-06-27 19:28,ORD5029,C1054,Trisha R.,"Chikankari Kurta, White",Clothing,Kurtas,1,1899
2026-06-27 19:28,ORD5029,C1054,Trisha R.,Oxidised Jhumkas,Jewellery,Earrings,1,449
2026-06-27 20:20,ORD5031,C1054,Trisha R.,"Cotton Kurta, Indigo",Clothing,Kurtas,1,1299
2026-06-27 20:34,ORD5027,C1036,Trisha C.,Glass Bangle Set,Jewellery,Bangles,1,349
2026-06-27 20:50,ORD5030,C1055,Arjun C.,"Linen Co-ord Set, Sage",Clothing,Co-ord sets,1,2199
2026-06-27 20:50,ORD5030,C1055,Arjun C.,"Bandhani Dupatta, Pink",Clothing,Dupattas,2,1398
2026-06-27 21:13,ORD5032,C1056,Saanvi A.,Brass Kada,Jewellery,Bangles,3,1647
2026-06-27 21:16,ORD5026,C1016,Aditi P.,"Mogra Attar, 6 ml",Fragrance,Attars,1,549
2026-06-27 21:18,ORD5022,C1001,Pooja J.,Adjustable Silver Ring,Jewellery,Rings,1,299
2026-06-27 21:23,ORD5024,C1004,Rhea B.,Attar Discovery Set,Fragrance,Gift sets,1,1199
2026-06-27 21:28,ORD5033,C1057,Anjali A.,"Cotton Kurta, Indigo",Clothing,Kurtas,1,1299
2026-06-27 21:35,ORD5028,C1045,Vihaan M.,"Oud Attar, 6 ml",Fragrance,Attars,1,899
2026-06-27 22:46,ORD5023,C1002,Vanya D.,"Oud Attar, 6 ml",Fragrance,Attars,1,899
2026-06-27 22:46,ORD5023,C1002,Vanya D.,"Chikankari Kurta, White",Clothing,Kurtas,1,1899
2026-06-27 22:46,ORD5023,C1002,Vanya D.,"Mogra Attar, 6 ml",Fragrance,Attars,1,549
2026-06-28 19:00,ORD5042,C1063,Simran T.,"Handloom Saree, Maroon",Clothing,Sarees,1,3499
2026-06-28 19:50,ORD5036,C1011,Vidya R.,Oxidised Jhumkas,Jewellery,Earrings,2,898
2026-06-28 19:50,ORD5036,C1011,Vidya R.,"Mogra Attar, 6 ml",Fragrance,Attars,1,549
2026-06-28 19:54,ORD5037,C1029,Rhea G.,Oxidised Jhumkas,Jewellery,Earrings,1,449
2026-06-28 20:58,ORD5043,C1064,Sana S.,Brass Kada,Jewellery,Bangles,1,549
2026-06-28 21:47,ORD5039,C1056,Saanvi A.,"Phulkari Dupatta, Mustard",Clothing,Dupattas,1,899
2026-06-28 21:53,ORD5041,C1062,Ananya K.,Pearl Drop Earrings,Jewellery,Earrings,1,599
2026-06-28 22:09,ORD5040,C1061,Ananya G.,Glass Bangle Set,Jewellery,Bangles,1,349
2026-06-28 22:09,ORD5040,C1061,Ananya G.,Pearl Drop Earrings,Jewellery,Earrings,1,599
2026-06-28 22:09,ORD5040,C1061,Ananya G.,"Block Print Kurta, Rust",Clothing,Kurtas,1,1499
2026-06-28 22:33,ORD5038,C1060,Neha D.,Adjustable Silver Ring,Jewellery,Rings,1,299
2026-06-28 22:33,ORD5038,C1060,Neha D.,Oxidised Jhumkas,Jewellery,Earrings,1,449
2026-06-29 17:21,ORD5044,C1001,Pooja J.,"Block Print Kurta, Rust",Clothing,Kurtas,1,1499
2026-06-29 19:33,ORD5046,C1022,Anjali G.,Pearl Drop Earrings,Jewellery,Earrings,2,1198
2026-06-29 20:06,ORD5049,C1065,Mehak M.,Kundan Studs,Jewellery,Earrings,1,399
2026-06-29 20:08,ORD5047,C1036,Trisha C.,"Block Print Kurta, Rust",Clothing,Kurtas,1,1499
2026-06-29 20:21,ORD5050,C1066,Aisha G.,Adjustable Silver Ring,Jewellery,Rings,1,299
2026-06-29 20:33,ORD5048,C1037,Meera K.,Adjustable Silver Ring,Jewellery,Rings,1,299
2026-06-29 20:33,ORD5048,C1037,Meera K.,Pearl Drop Earrings,Jewellery,Earrings,2,1198
2026-06-29 20:33,ORD5048,C1037,Meera K.,Oxidised Jhumkas,Jewellery,Earrings,1,449
2026-06-29 20:48,ORD5045,C1008,Lavanya C.,"Handloom Saree, Maroon",Clothing,Sarees,1,3499
2026-06-30 10:54,ORD5057,C1068,Rhea M.,"Linen Saree, Olive",Clothing,Sarees,1,2799
2026-06-30 12:08,ORD5055,C1067,Neha J.,Pearl Drop Earrings,Jewellery,Earrings,1,599
2026-06-30 17:09,ORD5058,C1049,Sneha K.,Silver Choker,Jewellery,Necklaces,1,899
2026-06-30 17:55,ORD5051,C1005,Mehak A.,"Block Print Kurta, Rust",Clothing,Kurtas,1,1499
2026-06-30 19:06,ORD5054,C1036,Trisha C.,"Phulkari Dupatta, Mustard",Clothing,Dupattas,1,899
2026-06-30 20:16,ORD5053,C1031,Jiya J.,Oxidised Jhumkas,Jewellery,Earrings,1,449
2026-06-30 20:16,ORD5053,C1031,Jiya J.,"Rose Attar, 6 ml",Fragrance,Attars,1,499
2026-06-30 20:16,ORD5053,C1031,Jiya J.,"Temple Necklace, Gold-tone",Jewellery,Necklaces,1,1299
2026-06-30 21:43,ORD5056,C1065,Mehak M.,"Sandalwood Eau de Parfum, 50 ml",Fragrance,Perfumes,1,1299
2026-06-30 22:57,ORD5052,C1007,Sameer N.,"Cotton Kurta, Indigo",Clothing,Kurtas,1,1299
2026-07-01 19:24,ORD5061,C1038,Rahul B.,"Rose Attar, 6 ml",Fragrance,Attars,1,499
2026-07-01 19:25,ORD5059,C1008,Lavanya C.,Oxidised Jhumkas,Jewellery,Earrings,2,898
2026-07-01 20:35,ORD5063,C1070,Priya B.,Adjustable Silver Ring,Jewellery,Rings,1,299
2026-07-01 21:41,ORD5060,C1012,Sneha N.,Oxidised Jhumkas,Jewellery,Earrings,1,449
2026-07-01 22:31,ORD5062,C1069,Ira V.,"Linen Co-ord Set, Sage",Clothing,Co-ord sets,1,2199
2026-07-02 12:55,ORD5072,C1074,Kavya S.,Adjustable Silver Ring,Jewellery,Rings,1,299
2026-07-02 12:55,ORD5072,C1074,Kavya S.,"Rose Attar, 6 ml",Fragrance,Attars,1,499
2026-07-02 12:55,ORD5072,C1074,Kavya S.,Kundan Studs,Jewellery,Earrings,1,399
2026-07-02 17:01,ORD5066,C1027,Isha T.,Oxidised Jhumkas,Jewellery,Earrings,1,449
2026-07-02 17:01,ORD5066,C1027,Isha T.,"Linen Saree, Olive",Clothing,Sarees,1,2799
2026-07-02 17:53,ORD5067,C1040,Nidhi S.,Kundan Studs,Jewellery,Earrings,1,399
2026-07-02 19:06,ORD5064,C1014,Sana C.,Adjustable Silver Ring,Jewellery,Rings,1,299
2026-07-02 19:06,ORD5064,C1014,Sana C.,Oxidised Jhumkas,Jewellery,Earrings,2,898
2026-07-02 20:07,ORD5071,C1073,Vidya S.,Attar Discovery Set,Fragrance,Gift sets,1,1199
2026-07-02 20:07,ORD5071,C1073,Vidya S.,"Jasmine Body Mist, 100 ml",Fragrance,Perfumes,1,799
2026-07-02 21:51,ORD5068,C1071,Trisha A.,"Rose Attar, 6 ml",Fragrance,Attars,1,499
2026-07-02 21:55,ORD5065,C1026,Rohan B.,Glass Bangle Set,Jewellery,Bangles,1,349
2026-07-02 21:55,ORD5065,C1026,Rohan B.,Pearl Drop Earrings,Jewellery,Earrings,1,599
2026-07-02 22:00,ORD5069,C1072,Saanvi T.,"Phulkari Dupatta, Mustard",Clothing,Dupattas,1,899
2026-07-02 22:31,ORD5070,C1048,Zoya R.,"Block Print Kurta, Rust",Clothing,Kurtas,1,1499
2026-07-02 22:31,ORD5070,C1048,Zoya R.,Pearl Drop Earrings,Jewellery,Earrings,3,1797
2026-07-03 10:07,ORD5078,C1056,Saanvi A.,"Chikankari Kurta, White",Clothing,Kurtas,1,1899
2026-07-03 12:49,ORD5075,C1015,Aisha S.,"Linen Co-ord Set, Sage",Clothing,Co-ord sets,1,2199
2026-07-03 17:21,ORD5080,C1077,Uma A.,"Oud Attar, 6 ml",Fragrance,Attars,2,1798
2026-07-03 19:37,ORD5076,C1037,Meera K.,"Jasmine Body Mist, 100 ml",Fragrance,Perfumes,1,799
2026-07-03 19:37,ORD5076,C1037,Meera K.,"Linen Saree, Olive",Clothing,Sarees,1,2799
2026-07-03 19:53,ORD5073,C1010,Yashika S.,Pearl Drop Earrings,Jewellery,Earrings,2,1198
2026-07-03 21:07,ORD5079,C1076,Zoya V.,"Handloom Saree, Maroon",Clothing,Sarees,1,3499
2026-07-03 21:45,ORD5077,C1075,Aisha V.,Pearl Drop Earrings,Jewellery,Earrings,1,599
2026-07-03 22:53,ORD5081,C1078,Rahul J.,"Block Print Kurta, Rust",Clothing,Kurtas,1,1499
2026-07-03 22:57,ORD5074,C1012,Sneha N.,"Cotton Kurta, Indigo",Clothing,Kurtas,1,1299
2026-07-04 14:18,ORD5089,C1081,Simran M.,"Block Print Kurta, Rust",Clothing,Kurtas,1,1499
2026-07-04 14:47,ORD5087,C1073,Vidya S.,"Block Print Kurta, Rust",Clothing,Kurtas,1,1499
2026-07-04 14:47,ORD5087,C1073,Vidya S.,Kundan Studs,Jewellery,Earrings,2,798
2026-07-04 17:12,ORD5086,C1061,Ananya G.,Oxidised Jhumkas,Jewellery,Earrings,2,898
2026-07-04 17:12,ORD5086,C1061,Ananya G.,"Chikankari Kurta, White",Clothing,Kurtas,1,1899
2026-07-04 19:13,ORD5088,C1080,Farah V.,Oxidised Jhumkas,Jewellery,Earrings,2,898
2026-07-04 20:16,ORD5084,C1038,Rahul B.,"Rose Attar, 6 ml",Fragrance,Attars,1,499
2026-07-04 21:01,ORD5082,C1010,Yashika S.,Pearl Drop Earrings,Jewellery,Earrings,1,599
2026-07-04 21:07,ORD5083,C1023,Vidya G.,"Chikankari Kurta, White",Clothing,Kurtas,1,1899
2026-07-04 21:07,ORD5083,C1023,Vidya G.,"Handloom Saree, Maroon",Clothing,Sarees,1,3499
2026-07-04 21:13,ORD5085,C1079,Pari N.,"Linen Co-ord Set, Sage",Clothing,Co-ord sets,1,2199
2026-07-05 10:22,ORD5094,C1083,Vanya A.,"Block Print Kurta, Rust",Clothing,Kurtas,1,1499
2026-07-05 14:08,ORD5096,C1085,Nidhi J.,"Jasmine Body Mist, 100 ml",Fragrance,Perfumes,2,1598
2026-07-05 14:08,ORD5096,C1085,Nidhi J.,"Oud Attar, 6 ml",Fragrance,Attars,1,899
2026-07-05 17:50,ORD5097,C1086,Shreya N.,"Block Print Kurta, Rust",Clothing,Kurtas,1,1499
2026-07-05 19:39,ORD5095,C1084,Ira T.,"Linen Co-ord Set, Sage",Clothing,Co-ord sets,1,2199
2026-07-05 19:41,ORD5093,C1082,Vihaan K.,"Linen Co-ord Set, Sage",Clothing,Co-ord sets,1,2199
2026-07-05 19:53,ORD5090,C1015,Aisha S.,Attar Discovery Set,Fragrance,Gift sets,1,1199
2026-07-05 20:20,ORD5092,C1044,Vihaan S.,"Linen Co-ord Set, Sage",Clothing,Co-ord sets,1,2199
2026-07-05 20:33,ORD5091,C1025,Farah B.,"Temple Necklace, Gold-tone",Jewellery,Necklaces,1,1299
2026-07-05 20:33,ORD5091,C1025,Farah B.,"Linen Co-ord Set, Sage",Clothing,Co-ord sets,1,2199
2026-07-06 17:41,ORD5099,C1087,Uma N.,"Linen Co-ord Set, Sage",Clothing,Co-ord sets,1,2199
2026-07-06 20:44,ORD5100,C1047,Anjali D.,Pearl Drop Earrings,Jewellery,Earrings,1,599
2026-07-06 20:44,ORD5100,C1047,Anjali D.,"Cotton Kurta, Indigo",Clothing,Kurtas,1,1299
2026-07-06 20:44,ORD5100,C1047,Anjali D.,Kundan Studs,Jewellery,Earrings,2,798
2026-07-06 20:46,ORD5098,C1031,Jiya J.,Silver Choker,Jewellery,Necklaces,1,899
2026-07-06 20:46,ORD5098,C1031,Jiya J.,Oxidised Jhumkas,Jewellery,Earrings,1,449
2026-07-07 19:02,ORD5104,C1088,Rhea J.,Glass Bangle Set,Jewellery,Bangles,1,349
2026-07-07 19:11,ORD5107,C1062,Ananya K.,"Block Print Kurta, Rust",Clothing,Kurtas,1,1499
2026-07-07 19:19,ORD5101,C1006,Trisha D.,Kundan Studs,Jewellery,Earrings,1,399
2026-07-07 19:51,ORD5106,C1089,Zoya T.,Pearl Drop Earrings,Jewellery,Earrings,1,599
2026-07-07 19:51,ORD5106,C1089,Zoya T.,"Mogra Attar, 6 ml",Fragrance,Attars,1,549
2026-07-07 20:35,ORD5103,C1044,Vihaan S.,"Temple Necklace, Gold-tone",Jewellery,Necklaces,1,1299
2026-07-07 20:42,ORD5105,C1087,Uma N.,Oxidised Jhumkas,Jewellery,Earrings,2,898
2026-07-07 21:05,ORD5102,C1034,Pooja K.,"Bandhani Dupatta, Pink",Clothing,Dupattas,1,699
2026-07-07 21:05,ORD5102,C1034,Pooja K.,"Jasmine Body Mist, 100 ml",Fragrance,Perfumes,1,799
2026-07-08 17:37,ORD5109,C1081,Simran M.,"Bandhani Dupatta, Pink",Clothing,Dupattas,1,699
2026-07-08 20:13,ORD5111,C1091,Meera N.,Oxidised Jhumkas,Jewellery,Earrings,1,449
2026-07-08 20:13,ORD5111,C1091,Meera N.,Pearl Drop Earrings,Jewellery,Earrings,1,599
2026-07-08 20:13,ORD5111,C1091,Meera N.,Silver Choker,Jewellery,Necklaces,1,899
2026-07-08 21:16,ORD5108,C1003,Meera N.,Oxidised Jhumkas,Jewellery,Earrings,1,449
2026-07-08 21:48,ORD5110,C1090,Tara A.,Pearl Drop Earrings,Jewellery,Earrings,1,599
2026-07-09 12:30,ORD5117,C1039,Ira K.,Kundan Studs,Jewellery,Earrings,2,798
2026-07-09 14:04,ORD5121,C1093,Manya S.,Brass Kada,Jewellery,Bangles,1,549
2026-07-09 19:09,ORD5115,C1028,Ira P.,Glass Bangle Set,Jewellery,Bangles,1,349
2026-07-09 19:18,ORD5116,C1036,Trisha C.,Pearl Drop Earrings,Jewellery,Earrings,1,599
2026-07-09 19:21,ORD5113,C1006,Trisha D.,"Handloom Saree, Maroon",Clothing,Sarees,1,3499
2026-07-09 19:44,ORD5118,C1041,Priya B.,"Oud Attar, 6 ml",Fragrance,Attars,1,899
2026-07-09 20:35,ORD5114,C1022,Anjali G.,Pearl Drop Earrings,Jewellery,Earrings,1,599
2026-07-09 20:58,ORD5112,C1001,Pooja J.,"Linen Saree, Olive",Clothing,Sarees,1,2799
2026-07-09 21:03,ORD5119,C1092,Zoya D.,"Oud Attar, 6 ml",Fragrance,Attars,1,899
2026-07-09 22:55,ORD5120,C1048,Zoya R.,Oxidised Jhumkas,Jewellery,Earrings,2,898
2026-07-09 22:55,ORD5120,C1048,Zoya R.,"Rose Attar, 6 ml",Fragrance,Attars,3,1497
2026-07-10 12:37,ORD5128,C1096,Aditi M.,Kundan Studs,Jewellery,Earrings,1,399
2026-07-10 20:04,ORD5126,C1094,Suhana K.,"Bandhani Dupatta, Pink",Clothing,Dupattas,1,699
2026-07-10 20:48,ORD5130,C1098,Tanvi G.,Silver Choker,Jewellery,Necklaces,1,899
2026-07-10 20:48,ORD5130,C1098,Tanvi G.,"Block Print Kurta, Rust",Clothing,Kurtas,1,1499
2026-07-10 20:48,ORD5130,C1098,Tanvi G.,Glass Bangle Set,Jewellery,Bangles,1,349
2026-07-10 20:58,ORD5124,C1025,Farah B.,Oxidised Jhumkas,Jewellery,Earrings,1,449
2026-07-10 20:58,ORD5124,C1025,Farah B.,Adjustable Silver Ring,Jewellery,Rings,1,299
2026-07-10 20:59,ORD5129,C1097,Lavanya M.,"Cotton Kurta, Indigo",Clothing,Kurtas,1,1299
2026-07-10 21:44,ORD5122,C1006,Trisha D.,"Mogra Attar, 6 ml",Fragrance,Attars,1,549
2026-07-10 21:54,ORD5125,C1044,Vihaan S.,"Jasmine Body Mist, 100 ml",Fragrance,Perfumes,1,799
2026-07-10 22:26,ORD5127,C1095,Saanvi R.,"Jasmine Body Mist, 100 ml",Fragrance,Perfumes,3,2397
2026-07-10 22:51,ORD5123,C1013,Manya P.,"Linen Co-ord Set, Sage",Clothing,Co-ord sets,1,2199
2026-07-10 22:51,ORD5123,C1013,Manya P.,Kundan Studs,Jewellery,Earrings,1,399
2026-07-11 10:02,ORD5134,C1012,Sneha N.,"Bandhani Dupatta, Pink",Clothing,Dupattas,3,2097
2026-07-11 10:02,ORD5134,C1012,Sneha N.,"Temple Necklace, Gold-tone",Jewellery,Necklaces,1,1299
2026-07-11 14:36,ORD5139,C1100,Avni G.,"Linen Co-ord Set, Sage",Clothing,Co-ord sets,1,2199
2026-07-11 14:36,ORD5139,C1100,Avni G.,"Block Print Kurta, Rust",Clothing,Kurtas,1,1499
2026-07-11 17:15,ORD5135,C1015,Aisha S.,"Cotton Kurta, Indigo",Clothing,Kurtas,1,1299
2026-07-11 17:24,ORD5131,C1003,Meera N.,"Chikankari Kurta, White",Clothing,Kurtas,1,1899
2026-07-11 19:45,ORD5132,C1007,Sameer N.,Oxidised Jhumkas,Jewellery,Earrings,1,449
2026-07-11 20:18,ORD5138,C1099,Pari B.,"Temple Necklace, Gold-tone",Jewellery,Necklaces,1,1299
2026-07-11 20:18,ORD5138,C1099,Pari B.,Oxidised Jhumkas,Jewellery,Earrings,1,449
2026-07-11 20:46,ORD5136,C1059,Radhika N.,"Oud Attar, 6 ml",Fragrance,Attars,1,899
2026-07-11 22:07,ORD5137,C1089,Zoya T.,"Sandalwood Eau de Parfum, 50 ml",Fragrance,Perfumes,1,1299
2026-07-11 22:07,ORD5137,C1089,Zoya T.,Oxidised Jhumkas,Jewellery,Earrings,1,449
2026-07-11 22:22,ORD5133,C1010,Yashika S.,"Bandhani Dupatta, Pink",Clothing,Dupattas,1,699
2026-07-12 14:17,ORD5144,C1101,Pari G.,"Mogra Attar, 6 ml",Fragrance,Attars,1,549
2026-07-12 14:17,ORD5144,C1101,Pari G.,Brass Kada,Jewellery,Bangles,2,1098
2026-07-12 14:56,ORD5142,C1028,Ira P.,"Bandhani Dupatta, Pink",Clothing,Dupattas,1,699
2026-07-12 14:56,ORD5142,C1028,Ira P.,"Chikankari Kurta, White",Clothing,Kurtas,1,1899
2026-07-12 19:25,ORD5147,C1104,Sana C.,"Handloom Saree, Maroon",Clothing,Sarees,1,3499
2026-07-12 19:25,ORD5147,C1104,Sana C.,"Jasmine Body Mist, 100 ml",Fragrance,Perfumes,1,799
2026-07-12 20:08,ORD5145,C1102,Anjali V.,"Chikankari Kurta, White",Clothing,Kurtas,1,1899
2026-07-12 20:13,ORD5140,C1011,Vidya R.,"Block Print Kurta, Rust",Clothing,Kurtas,1,1499
2026-07-12 20:17,ORD5146,C1103,Pari V.,Kundan Studs,Jewellery,Earrings,1,399
2026-07-12 20:17,ORD5146,C1103,Pari V.,Oxidised Jhumkas,Jewellery,Earrings,1,449
2026-07-12 20:18,ORD5141,C1026,Rohan B.,Adjustable Silver Ring,Jewellery,Rings,1,299
2026-07-12 20:18,ORD5141,C1026,Rohan B.,"Phulkari Dupatta, Mustard",Clothing,Dupattas,1,899
2026-07-12 20:39,ORD5143,C1043,Neha J.,Oxidised Jhumkas,Jewellery,Earrings,1,449
2026-07-12 20:39,ORD5143,C1043,Neha J.,"Cotton Kurta, Indigo",Clothing,Kurtas,1,1299
2026-07-12 21:37,ORD5148,C1105,Rahul P.,"Sandalwood Eau de Parfum, 50 ml",Fragrance,Perfumes,1,1299
2026-07-12 21:37,ORD5148,C1105,Rahul P.,"Rose Attar, 6 ml",Fragrance,Attars,1,499
2026-07-13 12:32,ORD5154,C1107,Tara K.,Kundan Studs,Jewellery,Earrings,2,798
2026-07-13 12:32,ORD5154,C1107,Tara K.,Glass Bangle Set,Jewellery,Bangles,1,349
2026-07-13 12:32,ORD5154,C1107,Tara K.,Pearl Drop Earrings,Jewellery,Earrings,3,1797
2026-07-13 19:06,ORD5150,C1028,Ira P.,Oxidised Jhumkas,Jewellery,Earrings,1,449
2026-07-13 19:17,ORD5151,C1032,Mehak C.,Pearl Drop Earrings,Jewellery,Earrings,1,599
2026-07-13 19:17,ORD5151,C1032,Mehak C.,"Cotton Kurta, Indigo",Clothing,Kurtas,1,1299
2026-07-13 19:41,ORD5152,C1042,Vidya M.,Adjustable Silver Ring,Jewellery,Rings,1,299
2026-07-13 20:00,ORD5149,C1006,Trisha D.,"Rose Attar, 6 ml",Fragrance,Attars,2,998
2026-07-13 21:03,ORD5155,C1100,Avni G.,Attar Discovery Set,Fragrance,Gift sets,1,1199
2026-07-13 21:03,ORD5155,C1100,Avni G.,Oxidised Jhumkas,Jewellery,Earrings,1,449
2026-07-13 22:47,ORD5153,C1106,Riya B.,"Bandhani Dupatta, Pink",Clothing,Dupattas,2,1398
2026-07-14 12:41,ORD5159,C1108,Simran M.,Attar Discovery Set,Fragrance,Gift sets,1,1199
2026-07-14 12:41,ORD5159,C1108,Simran M.,"Linen Co-ord Set, Sage",Clothing,Co-ord sets,1,2199
2026-07-14 17:07,ORD5163,C1110,Ananya T.,"Linen Co-ord Set, Sage",Clothing,Co-ord sets,1,2199
2026-07-14 17:07,ORD5163,C1110,Ananya T.,"Linen Saree, Olive",Clothing,Sarees,1,2799
2026-07-14 17:27,ORD5157,C1016,Aditi P.,"Phulkari Dupatta, Mustard",Clothing,Dupattas,1,899
2026-07-14 19:00,ORD5156,C1004,Rhea B.,"Block Print Kurta, Rust",Clothing,Kurtas,1,1499
2026-07-14 19:18,ORD5161,C1069,Ira V.,"Cotton Kurta, Indigo",Clothing,Kurtas,1,1299
2026-07-14 20:43,ORD5162,C1086,Shreya N.,Pearl Drop Earrings,Jewellery,Earrings,1,599
2026-07-14 20:43,ORD5162,C1086,Shreya N.,Adjustable Silver Ring,Jewellery,Rings,1,299
2026-07-14 21:07,ORD5160,C1109,Pooja B.,Glass Bangle Set,Jewellery,Bangles,1,349
2026-07-14 22:00,ORD5158,C1033,Ira N.,"Bandhani Dupatta, Pink",Clothing,Dupattas,1,699
2026-07-14 22:00,ORD5158,C1033,Ira N.,Oxidised Jhumkas,Jewellery,Earrings,1,449
2026-07-15 17:34,ORD5167,C1112,Aarav B.,"Oud Attar, 6 ml",Fragrance,Attars,1,899
2026-07-15 17:59,ORD5169,C1114,Rohan V.,Kundan Studs,Jewellery,Earrings,1,399
2026-07-15 17:59,ORD5169,C1114,Rohan V.,"Bandhani Dupatta, Pink",Clothing,Dupattas,2,1398
2026-07-15 19:08,ORD5164,C1008,Lavanya C.,"Linen Co-ord Set, Sage",Clothing,Co-ord sets,1,2199
2026-07-15 19:08,ORD5164,C1008,Lavanya C.,"Jasmine Body Mist, 100 ml",Fragrance,Perfumes,1,799
2026-07-15 20:20,ORD5165,C1028,Ira P.,"Linen Co-ord Set, Sage",Clothing,Co-ord sets,1,2199
2026-07-15 20:20,ORD5165,C1028,Ira P.,"Linen Saree, Olive",Clothing,Sarees,1,2799
2026-07-15 21:38,ORD5170,C1115,Kiara J.,"Temple Necklace, Gold-tone",Jewellery,Necklaces,1,1299
2026-07-15 21:51,ORD5166,C1111,Yashika A.,"Mogra Attar, 6 ml",Fragrance,Attars,1,549
2026-07-15 21:51,ORD5166,C1111,Yashika A.,"Cotton Kurta, Indigo",Clothing,Kurtas,1,1299
2026-07-15 22:54,ORD5168,C1113,Radhika A.,Kundan Studs,Jewellery,Earrings,2,798
2026-07-16 10:22,ORD5171,C1005,Mehak A.,Brass Kada,Jewellery,Bangles,1,549
2026-07-16 10:22,ORD5171,C1005,Mehak A.,Adjustable Silver Ring,Jewellery,Rings,1,299
2026-07-16 12:26,ORD5176,C1118,Aisha V.,"Linen Co-ord Set, Sage",Clothing,Co-ord sets,1,2199
2026-07-16 12:26,ORD5176,C1118,Aisha V.,Oxidised Jhumkas,Jewellery,Earrings,1,449
2026-07-16 12:42,ORD5174,C1116,Lavanya T.,"Jasmine Body Mist, 100 ml",Fragrance,Perfumes,1,799
2026-07-16 12:42,ORD5174,C1116,Lavanya T.,"Cotton Kurta, Indigo",Clothing,Kurtas,1,1299
2026-07-16 12:42,ORD5174,C1116,Lavanya T.,Silver Choker,Jewellery,Necklaces,1,899
2026-07-16 17:20,ORD5173,C1028,Ira P.,"Oud Attar, 6 ml",Fragrance,Attars,2,1798
2026-07-16 22:23,ORD5172,C1022,Anjali G.,"Chikankari Kurta, White",Clothing,Kurtas,1,1899
2026-07-16 22:28,ORD5175,C1117,Isha M.,"Mogra Attar, 6 ml",Fragrance,Attars,1,549
2026-07-16 22:28,ORD5175,C1117,Isha M.,"Block Print Kurta, Rust",Clothing,Kurtas,1,1499
2026-07-16 22:28,ORD5175,C1117,Isha M.,"Cotton Kurta, Indigo",Clothing,Kurtas,1,1299
2026-07-17 12:07,ORD5186,C1121,Lavanya T.,Glass Bangle Set,Jewellery,Bangles,3,1047
2026-07-17 12:18,ORD5182,C1040,Nidhi S.,Brass Kada,Jewellery,Bangles,2,1098
2026-07-17 12:58,ORD5177,C1001,Pooja J.,Attar Discovery Set,Fragrance,Gift sets,1,1199
2026-07-17 12:58,ORD5177,C1001,Pooja J.,Brass Kada,Jewellery,Bangles,1,549
2026-07-17 17:44,ORD5178,C1004,Rhea B.,Brass Kada,Jewellery,Bangles,1,549
2026-07-17 17:44,ORD5178,C1004,Rhea B.,Oxidised Jhumkas,Jewellery,Earrings,1,449
2026-07-17 17:54,ORD5183,C1119,Avni T.,Pearl Drop Earrings,Jewellery,Earrings,2,1198
2026-07-17 17:54,ORD5183,C1119,Avni T.,"Oud Attar, 6 ml",Fragrance,Attars,2,1798
2026-07-17 17:54,ORD5183,C1119,Avni T.,Oxidised Jhumkas,Jewellery,Earrings,2,898
2026-07-17 19:01,ORD5185,C1120,Arjun N.,"Jasmine Body Mist, 100 ml",Fragrance,Perfumes,1,799
2026-07-17 19:01,ORD5185,C1120,Arjun N.,Oxidised Jhumkas,Jewellery,Earrings,2,898
2026-07-17 19:39,ORD5180,C1017,Meera T.,"Linen Co-ord Set, Sage",Clothing,Co-ord sets,1,2199
2026-07-17 19:39,ORD5180,C1017,Meera T.,Kundan Studs,Jewellery,Earrings,2,798
2026-07-17 19:58,ORD5179,C1012,Sneha N.,"Jasmine Body Mist, 100 ml",Fragrance,Perfumes,1,799
2026-07-17 20:18,ORD5181,C1024,Rohan N.,"Linen Saree, Olive",Clothing,Sarees,1,2799
2026-07-17 21:18,ORD5184,C1047,Anjali D.,Oxidised Jhumkas,Jewellery,Earrings,2,898
2026-07-18 12:45,ORD5194,C1044,Vihaan S.,"Linen Co-ord Set, Sage",Clothing,Co-ord sets,1,2199
2026-07-18 14:45,ORD5190,C1010,Yashika S.,"Handloom Saree, Maroon",Clothing,Sarees,1,3499
2026-07-18 17:08,ORD5188,C1002,Vanya D.,Adjustable Silver Ring,Jewellery,Rings,1,299
2026-07-18 17:29,ORD5196,C1123,Avni M.,"Temple Necklace, Gold-tone",Jewellery,Necklaces,1,1299
2026-07-18 17:29,ORD5196,C1123,Avni M.,Oxidised Jhumkas,Jewellery,Earrings,1,449
2026-07-18 19:06,ORD5197,C1124,Ananya V.,Adjustable Silver Ring,Jewellery,Rings,1,299
2026-07-18 19:06,ORD5197,C1124,Ananya V.,"Rose Attar, 6 ml",Fragrance,Attars,1,499
2026-07-18 19:25,ORD5187,C1001,Pooja J.,Brass Kada,Jewellery,Bangles,1,549
2026-07-18 19:25,ORD5187,C1001,Pooja J.,"Phulkari Dupatta, Mustard",Clothing,Dupattas,2,1798
2026-07-18 19:37,ORD5192,C1033,Ira N.,Oxidised Jhumkas,Jewellery,Earrings,2,898
2026-07-18 20:25,ORD5199,C1126,Zoya V.,Glass Bangle Set,Jewellery,Bangles,1,349
2026-07-18 20:51,ORD5191,C1018,Tara A.,Pearl Drop Earrings,Jewellery,Earrings,1,599
2026-07-18 21:48,ORD5189,C1005,Mehak A.,Attar Discovery Set,Fragrance,Gift sets,1,1199
2026-07-18 21:54,ORD5195,C1122,Vihaan T.,"Chikankari Kurta, White",Clothing,Kurtas,1,1899
2026-07-18 21:54,ORD5195,C1122,Vihaan T.,"Phulkari Dupatta, Mustard",Clothing,Dupattas,2,1798
2026-07-18 21:59,ORD5200,C1127,Aisha G.,"Chikankari Kurta, White",Clothing,Kurtas,1,1899
2026-07-18 21:59,ORD5200,C1127,Aisha G.,"Handloom Saree, Maroon",Clothing,Sarees,1,3499
2026-07-18 22:10,ORD5198,C1125,Sneha A.,Adjustable Silver Ring,Jewellery,Rings,1,299
2026-07-18 22:57,ORD5193,C1040,Nidhi S.,"Cotton Kurta, Indigo",Clothing,Kurtas,1,1299
2026-07-19 14:14,ORD5207,C1130,Nidhi C.,Silver Choker,Jewellery,Necklaces,1,899
2026-07-19 14:37,ORD5205,C1049,Sneha K.,"Bandhani Dupatta, Pink",Clothing,Dupattas,1,699
2026-07-19 19:51,ORD5206,C1129,Aditi A.,"Rose Attar, 6 ml",Fragrance,Attars,1,499
2026-07-19 19:51,ORD5206,C1129,Aditi A.,Kundan Studs,Jewellery,Earrings,1,399
2026-07-19 19:58,ORD5204,C1128,Simran A.,"Cotton Kurta, Indigo",Clothing,Kurtas,1,1299
2026-07-19 19:58,ORD5204,C1128,Simran A.,"Handloom Saree, Maroon",Clothing,Sarees,1,3499
2026-07-19 20:35,ORD5208,C1053,Vanya C.,Glass Bangle Set,Jewellery,Bangles,1,349
2026-07-19 20:52,ORD5202,C1026,Rohan B.,"Linen Co-ord Set, Sage",Clothing,Co-ord sets,1,2199
2026-07-19 20:59,ORD5209,C1131,Aisha R.,"Sandalwood Eau de Parfum, 50 ml",Fragrance,Perfumes,1,1299
2026-07-19 20:59,ORD5209,C1131,Aisha R.,Silver Choker,Jewellery,Necklaces,2,1798
2026-07-19 21:14,ORD5203,C1032,Mehak C.,"Block Print Kurta, Rust",Clothing,Kurtas,1,1499
2026-07-19 22:09,ORD5201,C1024,Rohan N.,Adjustable Silver Ring,Jewellery,Rings,1,299
2026-07-20 12:55,ORD5212,C1013,Manya P.,"Linen Co-ord Set, Sage",Clothing,Co-ord sets,1,2199
2026-07-20 12:55,ORD5212,C1013,Manya P.,"Mogra Attar, 6 ml",Fragrance,Attars,2,1098
2026-07-20 12:55,ORD5212,C1013,Manya P.,"Oud Attar, 6 ml",Fragrance,Attars,1,899
2026-07-20 17:23,ORD5210,C1006,Trisha D.,"Temple Necklace, Gold-tone",Jewellery,Necklaces,1,1299
2026-07-20 17:23,ORD5210,C1006,Trisha D.,Kundan Studs,Jewellery,Earrings,1,399
2026-07-20 17:23,ORD5210,C1006,Trisha D.,"Handloom Saree, Maroon",Clothing,Sarees,1,3499
2026-07-20 17:56,ORD5215,C1132,Sneha K.,Silver Choker,Jewellery,Necklaces,1,899
2026-07-20 19:48,ORD5214,C1034,Pooja K.,"Phulkari Dupatta, Mustard",Clothing,Dupattas,2,1798
2026-07-20 20:59,ORD5217,C1134,Aarav S.,Kundan Studs,Jewellery,Earrings,1,399
2026-07-20 21:08,ORD5216,C1133,Uma B.,"Temple Necklace, Gold-tone",Jewellery,Necklaces,1,1299
2026-07-20 21:12,ORD5213,C1032,Mehak C.,"Chikankari Kurta, White",Clothing,Kurtas,1,1899
2026-07-20 21:12,ORD5213,C1032,Mehak C.,"Oud Attar, 6 ml",Fragrance,Attars,1,899
2026-07-20 21:46,ORD5211,C1012,Sneha N.,Brass Kada,Jewellery,Bangles,1,549
2026-07-21 19:54,ORD5219,C1028,Ira P.,"Cotton Kurta, Indigo",Clothing,Kurtas,1,1299
2026-07-21 19:54,ORD5219,C1028,Ira P.,Oxidised Jhumkas,Jewellery,Earrings,1,449
2026-07-21 20:36,ORD5220,C1031,Jiya J.,"Rose Attar, 6 ml",Fragrance,Attars,1,499
2026-07-21 20:36,ORD5220,C1031,Jiya J.,Pearl Drop Earrings,Jewellery,Earrings,2,1198
2026-07-21 21:33,ORD5218,C1016,Aditi P.,"Rose Attar, 6 ml",Fragrance,Attars,1,499
2026-07-21 21:45,ORD5223,C1136,Riya A.,Brass Kada,Jewellery,Bangles,1,549
2026-07-21 21:45,ORD5223,C1136,Riya A.,Glass Bangle Set,Jewellery,Bangles,1,349
2026-07-21 21:52,ORD5221,C1059,Radhika N.,"Phulkari Dupatta, Mustard",Clothing,Dupattas,1,899
2026-07-21 22:10,ORD5222,C1135,Mehak K.,"Chikankari Kurta, White",Clothing,Kurtas,1,1899
2026-07-21 22:10,ORD5222,C1135,Mehak K.,Glass Bangle Set,Jewellery,Bangles,1,349
2026-07-22 12:15,ORD5227,C1139,Nidhi P.,"Rose Attar, 6 ml",Fragrance,Attars,1,499
2026-07-22 17:13,ORD5226,C1138,Vihaan B.,"Handloom Saree, Maroon",Clothing,Sarees,1,3499
2026-07-22 17:13,ORD5226,C1138,Vihaan B.,"Rose Attar, 6 ml",Fragrance,Attars,1,499
2026-07-22 17:13,ORD5226,C1138,Vihaan B.,Kundan Studs,Jewellery,Earrings,1,399
2026-07-22 19:42,ORD5225,C1126,Zoya V.,Oxidised Jhumkas,Jewellery,Earrings,2,898
2026-07-22 19:42,ORD5225,C1126,Zoya V.,"Temple Necklace, Gold-tone",Jewellery,Necklaces,1,1299
2026-07-22 19:42,ORD5225,C1126,Zoya V.,"Chikankari Kurta, White",Clothing,Kurtas,1,1899
2026-07-22 21:18,ORD5224,C1137,Kiara T.,Kundan Studs,Jewellery,Earrings,1,399
2026-07-23 17:42,ORD5230,C1141,Sameer N.,"Block Print Kurta, Rust",Clothing,Kurtas,1,1499
2026-07-23 17:42,ORD5230,C1141,Sameer N.,"Bandhani Dupatta, Pink",Clothing,Dupattas,1,699
2026-07-23 17:48,ORD5229,C1140,Meera T.,"Rose Attar, 6 ml",Fragrance,Attars,1,499
2026-07-23 21:12,ORD5228,C1016,Aditi P.,Adjustable Silver Ring,Jewellery,Rings,1,299
2026-07-23 21:12,ORD5228,C1016,Aditi P.,"Mogra Attar, 6 ml",Fragrance,Attars,1,549
2026-07-23 21:12,ORD5228,C1016,Aditi P.,Oxidised Jhumkas,Jewellery,Earrings,1,449
2026-07-24 12:42,ORD5237,C1045,Vihaan M.,"Temple Necklace, Gold-tone",Jewellery,Necklaces,1,1299
2026-07-24 17:06,ORD5241,C1144,Rahul R.,"Rose Attar, 6 ml",Fragrance,Attars,1,499
2026-07-24 19:22,ORD5236,C1037,Meera K.,"Sandalwood Eau de Parfum, 50 ml",Fragrance,Perfumes,1,1299
2026-07-24 19:22,ORD5236,C1037,Meera K.,Silver Choker,Jewellery,Necklaces,3,2697
2026-07-24 20:23,ORD5240,C1077,Uma A.,"Block Print Kurta, Rust",Clothing,Kurtas,1,1499
2026-07-24 21:08,ORD5234,C1029,Rhea G.,"Block Print Kurta, Rust",Clothing,Kurtas,1,1499
2026-07-24 21:08,ORD5234,C1029,Rhea G.,"Rose Attar, 6 ml",Fragrance,Attars,2,998
2026-07-24 21:20,ORD5235,C1032,Mehak C.,Oxidised Jhumkas,Jewellery,Earrings,1,449
2026-07-24 21:20,ORD5235,C1032,Mehak C.,"Mogra Attar, 6 ml",Fragrance,Attars,1,549
2026-07-24 21:49,ORD5231,C1009,Priya N.,Oxidised Jhumkas,Jewellery,Earrings,1,449
2026-07-24 21:49,ORD5231,C1009,Priya N.,"Bandhani Dupatta, Pink",Clothing,Dupattas,1,699
2026-07-24 22:05,ORD5238,C1142,Manya K.,"Rose Attar, 6 ml",Fragrance,Attars,1,499
2026-07-24 22:05,ORD5238,C1142,Manya K.,Adjustable Silver Ring,Jewellery,Rings,1,299
2026-07-24 22:06,ORD5233,C1025,Farah B.,"Bandhani Dupatta, Pink",Clothing,Dupattas,1,699
2026-07-24 22:16,ORD5239,C1143,Tanvi G.,"Sandalwood Eau de Parfum, 50 ml",Fragrance,Perfumes,1,1299
2026-07-24 22:17,ORD5232,C1019,Simran P.,Pearl Drop Earrings,Jewellery,Earrings,3,1797
2026-07-25 17:33,ORD5248,C1062,Ananya K.,"Cotton Kurta, Indigo",Clothing,Kurtas,1,1299
2026-07-25 19:02,ORD5246,C1146,Divya B.,Pearl Drop Earrings,Jewellery,Earrings,1,599
2026-07-25 19:45,ORD5247,C1128,Simran A.,"Chikankari Kurta, White",Clothing,Kurtas,1,1899
2026-07-25 20:04,ORD5244,C1034,Pooja K.,"Chikankari Kurta, White",Clothing,Kurtas,1,1899
2026-07-25 20:04,ORD5244,C1034,Pooja K.,Pearl Drop Earrings,Jewellery,Earrings,1,599
2026-07-25 20:49,ORD5243,C1021,Nikhil G.,"Temple Necklace, Gold-tone",Jewellery,Necklaces,1,1299
2026-07-25 20:49,ORD5243,C1021,Nikhil G.,"Jasmine Body Mist, 100 ml",Fragrance,Perfumes,1,799
2026-07-25 21:02,ORD5249,C1147,Trisha T.,Adjustable Silver Ring,Jewellery,Rings,1,299
2026-07-25 21:02,ORD5249,C1147,Trisha T.,"Sandalwood Eau de Parfum, 50 ml",Fragrance,Perfumes,1,1299
2026-07-25 22:00,ORD5245,C1145,Uma A.,"Bandhani Dupatta, Pink",Clothing,Dupattas,1,699
2026-07-25 22:00,ORD5245,C1145,Uma A.,Oxidised Jhumkas,Jewellery,Earrings,1,449
2026-07-25 22:54,ORD5242,C1008,Lavanya C.,Pearl Drop Earrings,Jewellery,Earrings,1,599
2026-07-26 12:09,ORD5258,C1149,Tanvi N.,Adjustable Silver Ring,Jewellery,Rings,1,299
2026-07-26 12:09,ORD5258,C1149,Tanvi N.,"Rose Attar, 6 ml",Fragrance,Attars,1,499
2026-07-26 14:09,ORD5261,C1152,Tara J.,Oxidised Jhumkas,Jewellery,Earrings,1,449
2026-07-26 17:08,ORD5255,C1036,Trisha C.,Kundan Studs,Jewellery,Earrings,1,399
2026-07-26 19:27,ORD5252,C1022,Anjali G.,Oxidised Jhumkas,Jewellery,Earrings,1,449
2026-07-26 19:27,ORD5252,C1022,Anjali G.,"Linen Co-ord Set, Sage",Clothing,Co-ord sets,1,2199
2026-07-26 19:35,ORD5260,C1151,Jiya B.,"Cotton Kurta, Indigo",Clothing,Kurtas,1,1299
2026-07-26 19:35,ORD5260,C1151,Jiya B.,"Temple Necklace, Gold-tone",Jewellery,Necklaces,1,1299
2026-07-26 20:17,ORD5254,C1035,Sana D.,"Bandhani Dupatta, Pink",Clothing,Dupattas,2,1398
2026-07-26 20:19,ORD5251,C1011,Vidya R.,Kundan Studs,Jewellery,Earrings,1,399
2026-07-26 20:20,ORD5257,C1148,Simran J.,"Mogra Attar, 6 ml",Fragrance,Attars,2,1098
2026-07-26 21:23,ORD5250,C1002,Vanya D.,"Rose Attar, 6 ml",Fragrance,Attars,1,499
2026-07-26 21:23,ORD5250,C1002,Vanya D.,Oxidised Jhumkas,Jewellery,Earrings,1,449
2026-07-26 22:07,ORD5256,C1043,Neha J.,"Oud Attar, 6 ml",Fragrance,Attars,1,899
2026-07-26 22:28,ORD5253,C1027,Isha T.,"Block Print Kurta, Rust",Clothing,Kurtas,1,1499
2026-07-26 22:54,ORD5259,C1150,Ishaan J.,Glass Bangle Set,Jewellery,Bangles,2,698
2026-07-27 12:26,ORD5265,C1010,Yashika S.,"Jasmine Body Mist, 100 ml",Fragrance,Perfumes,1,799
2026-07-27 17:09,ORD5266,C1020,Suhana S.,Oxidised Jhumkas,Jewellery,Earrings,1,449
2026-07-27 17:09,ORD5266,C1020,Suhana S.,"Mogra Attar, 6 ml",Fragrance,Attars,1,549
2026-07-27 17:25,ORD5267,C1153,Tara R.,Pearl Drop Earrings,Jewellery,Earrings,1,599
2026-07-27 17:25,ORD5267,C1153,Tara R.,"Bandhani Dupatta, Pink",Clothing,Dupattas,1,699
2026-07-27 19:24,ORD5264,C1008,Lavanya C.,"Handloom Saree, Maroon",Clothing,Sarees,1,3499
2026-07-27 19:24,ORD5264,C1008,Lavanya C.,Attar Discovery Set,Fragrance,Gift sets,1,1199
2026-07-27 20:43,ORD5262,C1003,Meera N.,Pearl Drop Earrings,Jewellery,Earrings,1,599
2026-07-27 22:00,ORD5269,C1155,Gauri M.,Pearl Drop Earrings,Jewellery,Earrings,1,599
2026-07-27 22:00,ORD5269,C1155,Gauri M.,"Rose Attar, 6 ml",Fragrance,Attars,1,499
2026-07-27 22:11,ORD5268,C1154,Jiya T.,Kundan Studs,Jewellery,Earrings,1,399
2026-07-27 22:41,ORD5263,C1005,Mehak A.,"Linen Co-ord Set, Sage",Clothing,Co-ord sets,1,2199
2026-07-28 12:41,ORD5270,C1005,Mehak A.,"Phulkari Dupatta, Mustard",Clothing,Dupattas,2,1798
2026-07-28 12:41,ORD5270,C1005,Mehak A.,"Rose Attar, 6 ml",Fragrance,Attars,1,499
2026-07-28 14:06,ORD5275,C1158,Nidhi P.,"Cotton Kurta, Indigo",Clothing,Kurtas,1,1299
2026-07-28 17:03,ORD5273,C1157,Saanvi M.,"Mogra Attar, 6 ml",Fragrance,Attars,1,549
2026-07-28 17:03,ORD5273,C1157,Saanvi M.,Pearl Drop Earrings,Jewellery,Earrings,1,599
2026-07-28 17:40,ORD5272,C1156,Sana C.,"Rose Attar, 6 ml",Fragrance,Attars,1,499
2026-07-28 17:41,ORD5271,C1044,Vihaan S.,Oxidised Jhumkas,Jewellery,Earrings,1,449
2026-07-28 20:09,ORD5274,C1121,Lavanya T.,Oxidised Jhumkas,Jewellery,Earrings,2,898
2026-07-29 14:03,ORD5276,C1022,Anjali G.,Oxidised Jhumkas,Jewellery,Earrings,1,449
2026-07-29 14:03,ORD5276,C1022,Anjali G.,"Block Print Kurta, Rust",Clothing,Kurtas,1,1499
2026-07-29 17:59,ORD5281,C1162,Arjun B.,Kundan Studs,Jewellery,Earrings,1,399
2026-07-29 17:59,ORD5281,C1162,Arjun B.,"Cotton Kurta, Indigo",Clothing,Kurtas,1,1299
2026-07-29 19:13,ORD5280,C1161,Aisha G.,Oxidised Jhumkas,Jewellery,Earrings,1,449
2026-07-29 19:19,ORD5278,C1159,Farah S.,"Chikankari Kurta, White",Clothing,Kurtas,1,1899
2026-07-29 19:19,ORD5278,C1159,Farah S.,"Rose Attar, 6 ml",Fragrance,Attars,1,499
2026-07-29 20:22,ORD5279,C1160,Simran N.,Pearl Drop Earrings,Jewellery,Earrings,2,1198
2026-07-29 21:52,ORD5277,C1073,Vidya S.,Pearl Drop Earrings,Jewellery,Earrings,1,599
2026-07-30 12:43,ORD5286,C1163,Naina J.,Pearl Drop Earrings,Jewellery,Earrings,1,599
2026-07-30 14:00,ORD5284,C1082,Vihaan K.,Glass Bangle Set,Jewellery,Bangles,1,349
2026-07-30 14:00,ORD5284,C1082,Vihaan K.,Oxidised Jhumkas,Jewellery,Earrings,1,449
2026-07-30 19:13,ORD5285,C1058,Shreya V.,Adjustable Silver Ring,Jewellery,Rings,1,299
2026-07-30 19:50,ORD5283,C1024,Rohan N.,"Oud Attar, 6 ml",Fragrance,Attars,2,1798
2026-07-30 21:10,ORD5282,C1005,Mehak A.,"Oud Attar, 6 ml",Fragrance,Attars,1,899
2026-07-31 12:51,ORD5289,C1164,Vidya N.,Oxidised Jhumkas,Jewellery,Earrings,1,449
2026-07-31 14:25,ORD5287,C1009,Priya N.,"Sandalwood Eau de Parfum, 50 ml",Fragrance,Perfumes,1,1299
2026-07-31 14:25,ORD5287,C1009,Priya N.,Brass Kada,Jewellery,Bangles,1,549
2026-07-31 19:04,ORD5288,C1040,Nidhi S.,"Block Print Kurta, Rust",Clothing,Kurtas,1,1499
2026-07-31 20:40,ORD5291,C1165,Sakshi S.,Attar Discovery Set,Fragrance,Gift sets,1,1199
2026-07-31 20:40,ORD5291,C1165,Sakshi S.,"Rose Attar, 6 ml",Fragrance,Attars,1,499
2026-07-31 20:40,ORD5291,C1165,Sakshi S.,"Cotton Kurta, Indigo",Clothing,Kurtas,1,1299
2026-07-31 21:12,ORD5290,C1114,Rohan V.,Glass Bangle Set,Jewellery,Bangles,1,349
2026-08-01 12:46,ORD5301,C1168,Farah C.,"Phulkari Dupatta, Mustard",Clothing,Dupattas,1,899
2026-08-01 12:46,ORD5301,C1168,Farah C.,"Handloom Saree, Maroon",Clothing,Sarees,1,3499
2026-08-01 12:55,ORD5295,C1023,Vidya G.,"Rose Attar, 6 ml",Fragrance,Attars,1,499
2026-08-01 12:55,ORD5295,C1023,Vidya G.,"Block Print Kurta, Rust",Clothing,Kurtas,1,1499
2026-08-01 17:06,ORD5292,C1005,Mehak A.,Kundan Studs,Jewellery,Earrings,1,399
2026-08-01 17:06,ORD5292,C1005,Mehak A.,"Mogra Attar, 6 ml",Fragrance,Attars,1,549
2026-08-01 17:39,ORD5302,C1145,Uma A.,Pearl Drop Earrings,Jewellery,Earrings,1,599
2026-08-01 19:45,ORD5296,C1028,Ira P.,"Jasmine Body Mist, 100 ml",Fragrance,Perfumes,1,799
2026-08-01 19:57,ORD5299,C1166,Ishaan A.,Kundan Studs,Jewellery,Earrings,1,399
2026-08-01 20:15,ORD5293,C1016,Aditi P.,Pearl Drop Earrings,Jewellery,Earrings,1,599
2026-08-01 20:35,ORD5300,C1167,Uma R.,"Oud Attar, 6 ml",Fragrance,Attars,1,899
2026-08-01 21:01,ORD5294,C1018,Tara A.,"Block Print Kurta, Rust",Clothing,Kurtas,1,1499
2026-08-01 22:03,ORD5298,C1114,Rohan V.,Glass Bangle Set,Jewellery,Bangles,1,349
2026-08-01 22:03,ORD5298,C1114,Rohan V.,"Block Print Kurta, Rust",Clothing,Kurtas,1,1499
2026-08-01 22:46,ORD5297,C1128,Simran A.,"Chikankari Kurta, White",Clothing,Kurtas,1,1899
2026-08-02 14:52,ORD5306,C1023,Vidya G.,Kundan Studs,Jewellery,Earrings,1,399
2026-08-02 14:52,ORD5306,C1023,Vidya G.,"Bandhani Dupatta, Pink",Clothing,Dupattas,1,699
2026-08-02 17:05,ORD5307,C1025,Farah B.,"Cotton Kurta, Indigo",Clothing,Kurtas,1,1299
2026-08-02 17:05,ORD5307,C1025,Farah B.,"Oud Attar, 6 ml",Fragrance,Attars,1,899
2026-08-02 17:53,ORD5309,C1169,Uma M.,"Block Print Kurta, Rust",Clothing,Kurtas,1,1499
2026-08-02 17:53,ORD5309,C1169,Uma M.,Kundan Studs,Jewellery,Earrings,1,399
2026-08-02 19:04,ORD5305,C1022,Anjali G.,Oxidised Jhumkas,Jewellery,Earrings,1,449
2026-08-02 19:04,ORD5305,C1022,Anjali G.,"Handloom Saree, Maroon",Clothing,Sarees,1,3499
2026-08-02 19:14,ORD5312,C1171,Aditi C.,"Oud Attar, 6 ml",Fragrance,Attars,1,899
2026-08-02 19:14,ORD5312,C1171,Aditi C.,"Cotton Kurta, Indigo",Clothing,Kurtas,1,1299
2026-08-02 19:46,ORD5303,C1003,Meera N.,"Chikankari Kurta, White",Clothing,Kurtas,1,1899
2026-08-02 19:46,ORD5303,C1003,Meera N.,Brass Kada,Jewellery,Bangles,1,549
2026-08-02 19:46,ORD5303,C1003,Meera N.,"Bandhani Dupatta, Pink",Clothing,Dupattas,1,699
2026-08-02 19:51,ORD5313,C1172,Mehak N.,Oxidised Jhumkas,Jewellery,Earrings,2,898
2026-08-02 20:30,ORD5308,C1039,Ira K.,"Bandhani Dupatta, Pink",Clothing,Dupattas,1,699
2026-08-02 20:30,ORD5308,C1039,Ira K.,"Linen Saree, Olive",Clothing,Sarees,1,2799
2026-08-02 21:21,ORD5311,C1142,Manya K.,"Cotton Kurta, Indigo",Clothing,Kurtas,1,1299
2026-08-02 21:21,ORD5311,C1142,Manya K.,"Oud Attar, 6 ml",Fragrance,Attars,1,899
2026-08-02 21:37,ORD5304,C1005,Mehak A.,"Cotton Kurta, Indigo",Clothing,Kurtas,1,1299
2026-08-02 21:37,ORD5304,C1005,Mehak A.,Oxidised Jhumkas,Jewellery,Earrings,1,449
2026-08-02 22:31,ORD5310,C1170,Radhika C.,Glass Bangle Set,Jewellery,Bangles,1,349
2026-08-03 12:25,ORD5316,C1173,Isha K.,"Rose Attar, 6 ml",Fragrance,Attars,1,499
2026-08-03 14:25,ORD5319,C1176,Ishaan C.,Kundan Studs,Jewellery,Earrings,1,399
2026-08-03 14:25,ORD5319,C1176,Ishaan C.,"Bandhani Dupatta, Pink",Clothing,Dupattas,2,1398
2026-08-03 19:32,ORD5314,C1005,Mehak A.,Oxidised Jhumkas,Jewellery,Earrings,1,449
2026-08-03 19:47,ORD5315,C1016,Aditi P.,Silver Choker,Jewellery,Necklaces,1,899
2026-08-03 20:02,ORD5317,C1174,Sana C.,"Block Print Kurta, Rust",Clothing,Kurtas,1,1499
2026-08-03 20:02,ORD5317,C1174,Sana C.,"Chikankari Kurta, White",Clothing,Kurtas,1,1899
2026-08-03 22:35,ORD5318,C1175,Riya R.,"Handloom Saree, Maroon",Clothing,Sarees,1,3499
2026-08-03 22:35,ORD5318,C1175,Riya R.,"Rose Attar, 6 ml",Fragrance,Attars,1,499
2026-08-04 12:02,ORD5321,C1033,Ira N.,"Block Print Kurta, Rust",Clothing,Kurtas,1,1499
2026-08-04 12:39,ORD5322,C1045,Vihaan M.,"Cotton Kurta, Indigo",Clothing,Kurtas,1,1299
2026-08-04 20:46,ORD5320,C1026,Rohan B.,"Jasmine Body Mist, 100 ml",Fragrance,Perfumes,1,799
2026-08-04 20:46,ORD5320,C1026,Rohan B.,"Oud Attar, 6 ml",Fragrance,Attars,2,1798
2026-08-04 21:18,ORD5324,C1177,Rohan P.,Pearl Drop Earrings,Jewellery,Earrings,2,1198
2026-08-04 21:18,ORD5324,C1177,Rohan P.,Adjustable Silver Ring,Jewellery,Rings,1,299
2026-08-04 21:48,ORD5323,C1147,Trisha T.,Kundan Studs,Jewellery,Earrings,1,399
2026-08-04 21:48,ORD5323,C1147,Trisha T.,"Bandhani Dupatta, Pink",Clothing,Dupattas,1,699
2026-08-04 21:48,ORD5323,C1147,Trisha T.,"Sandalwood Eau de Parfum, 50 ml",Fragrance,Perfumes,1,1299
2026-08-05 20:12,ORD5325,C1030,Manya T.,"Phulkari Dupatta, Mustard",Clothing,Dupattas,2,1798
2026-08-05 20:12,ORD5325,C1030,Manya T.,"Block Print Kurta, Rust",Clothing,Kurtas,1,1499
2026-08-05 20:18,ORD5329,C1075,Aisha V.,"Chikankari Kurta, White",Clothing,Kurtas,1,1899
2026-08-05 21:12,ORD5326,C1032,Mehak C.,"Rose Attar, 6 ml",Fragrance,Attars,1,499
2026-08-05 21:56,ORD5327,C1040,Nidhi S.,"Handloom Saree, Maroon",Clothing,Sarees,1,3499
2026-08-05 22:49,ORD5328,C1093,Manya S.,"Bandhani Dupatta, Pink",Clothing,Dupattas,1,699
2026-08-05 22:49,ORD5328,C1093,Manya S.,"Jasmine Body Mist, 100 ml",Fragrance,Perfumes,2,1598
2026-08-06 17:58,ORD5333,C1178,Radhika S.,"Rose Attar, 6 ml",Fragrance,Attars,1,499
2026-08-06 19:33,ORD5332,C1045,Vihaan M.,"Rose Attar, 6 ml",Fragrance,Attars,1,499
2026-08-06 19:33,ORD5332,C1045,Vihaan M.,Pearl Drop Earrings,Jewellery,Earrings,1,599
2026-08-06 20:36,ORD5330,C1028,Ira P.,"Chikankari Kurta, White",Clothing,Kurtas,1,1899
2026-08-06 22:21,ORD5334,C1179,Nidhi K.,Oxidised Jhumkas,Jewellery,Earrings,1,449
2026-08-06 22:47,ORD5331,C1031,Jiya J.,"Rose Attar, 6 ml",Fragrance,Attars,1,499
2026-08-06 22:47,ORD5331,C1031,Jiya J.,Kundan Studs,Jewellery,Earrings,2,798
2026-08-06 22:47,ORD5331,C1031,Jiya J.,Glass Bangle Set,Jewellery,Bangles,1,349
2026-08-07 19:02,ORD5339,C1181,Farah N.,Attar Discovery Set,Fragrance,Gift sets,1,1199
2026-08-07 20:15,ORD5336,C1044,Vihaan S.,Adjustable Silver Ring,Jewellery,Rings,1,299
2026-08-07 20:15,ORD5336,C1044,Vihaan S.,"Rose Attar, 6 ml",Fragrance,Attars,1,499
2026-08-07 20:49,ORD5338,C1180,Gauri D.,Brass Kada,Jewellery,Bangles,1,549
2026-08-07 20:49,ORD5338,C1180,Gauri D.,"Oud Attar, 6 ml",Fragrance,Attars,1,899
2026-08-07 20:53,ORD5337,C1136,Riya A.,Silver Choker,Jewellery,Necklaces,1,899
2026-08-07 22:36,ORD5335,C1042,Vidya M.,"Cotton Kurta, Indigo",Clothing,Kurtas,1,1299
2026-08-07 22:36,ORD5335,C1042,Vidya M.,Attar Discovery Set,Fragrance,Gift sets,1,1199
2026-08-08 12:23,ORD5355,C1161,Aisha G.,"Bandhani Dupatta, Pink",Clothing,Dupattas,1,699
2026-08-08 12:23,ORD5355,C1161,Aisha G.,"Oud Attar, 6 ml",Fragrance,Attars,1,899
2026-08-08 12:34,ORD5350,C1182,Diya J.,Oxidised Jhumkas,Jewellery,Earrings,3,1347
2026-08-08 14:37,ORD5340,C1006,Trisha D.,"Rose Attar, 6 ml",Fragrance,Attars,2,998
2026-08-08 14:37,ORD5340,C1006,Trisha D.,"Mogra Attar, 6 ml",Fragrance,Attars,1,549
2026-08-08 14:37,ORD5340,C1006,Trisha D.,Kundan Studs,Jewellery,Earrings,1,399
2026-08-08 17:42,ORD5351,C1183,Aditi K.,"Jasmine Body Mist, 100 ml",Fragrance,Perfumes,1,799
2026-08-08 17:42,ORD5351,C1183,Aditi K.,"Cotton Kurta, Indigo",Clothing,Kurtas,1,1299
2026-08-08 20:37,ORD5345,C1022,Anjali G.,Silver Choker,Jewellery,Necklaces,1,899
2026-08-08 20:37,ORD5345,C1022,Anjali G.,"Rose Attar, 6 ml",Fragrance,Attars,1,499
2026-08-08 21:15,ORD5347,C1031,Jiya J.,Adjustable Silver Ring,Jewellery,Rings,1,299
2026-08-08 21:16,ORD5342,C1010,Yashika S.,"Handloom Saree, Maroon",Clothing,Sarees,1,3499
2026-08-08 21:28,ORD5341,C1009,Priya N.,Pearl Drop Earrings,Jewellery,Earrings,2,1198
2026-08-08 21:29,ORD5352,C1184,Pari C.,"Handloom Saree, Maroon",Clothing,Sarees,1,3499
2026-08-08 21:30,ORD5354,C1137,Kiara T.,"Linen Saree, Olive",Clothing,Sarees,1,2799
2026-08-08 21:30,ORD5354,C1137,Kiara T.,"Bandhani Dupatta, Pink",Clothing,Dupattas,1,699
2026-08-08 21:30,ORD5354,C1137,Kiara T.,Pearl Drop Earrings,Jewellery,Earrings,2,1198
2026-08-08 21:47,ORD5348,C1032,Mehak C.,Brass Kada,Jewellery,Bangles,1,549
2026-08-08 22:05,ORD5344,C1014,Sana C.,"Rose Attar, 6 ml",Fragrance,Attars,1,499
2026-08-08 22:05,ORD5344,C1014,Sana C.,Kundan Studs,Jewellery,Earrings,1,399
2026-08-08 22:05,ORD5344,C1014,Sana C.,Oxidised Jhumkas,Jewellery,Earrings,1,449
2026-08-08 22:23,ORD5343,C1012,Sneha N.,"Sandalwood Eau de Parfum, 50 ml",Fragrance,Perfumes,1,1299
2026-08-08 22:30,ORD5349,C1122,Vihaan T.,"Oud Attar, 6 ml",Fragrance,Attars,1,899
2026-08-08 22:30,ORD5349,C1122,Vihaan T.,Brass Kada,Jewellery,Bangles,1,549
2026-08-08 22:44,ORD5346,C1025,Farah B.,"Linen Saree, Olive",Clothing,Sarees,1,2799
2026-08-08 22:44,ORD5346,C1025,Farah B.,"Oud Attar, 6 ml",Fragrance,Attars,1,899
2026-08-08 22:50,ORD5353,C1185,Lavanya B.,"Mogra Attar, 6 ml",Fragrance,Attars,2,1098
2026-08-09 10:00,ORD5359,C1040,Nidhi S.,"Cotton Kurta, Indigo",Clothing,Kurtas,1,1299
2026-08-09 10:00,ORD5359,C1040,Nidhi S.,"Bandhani Dupatta, Pink",Clothing,Dupattas,2,1398
2026-08-09 12:24,ORD5362,C1188,Ananya A.,"Temple Necklace, Gold-tone",Jewellery,Necklaces,1,1299
2026-08-09 17:18,ORD5361,C1187,Priya M.,Silver Choker,Jewellery,Necklaces,1,899
2026-08-09 17:29,ORD5363,C1189,Farah A.,"Bandhani Dupatta, Pink",Clothing,Dupattas,3,2097
2026-08-09 17:29,ORD5363,C1189,Farah A.,"Block Print Kurta, Rust",Clothing,Kurtas,1,1499
2026-08-09 17:29,ORD5363,C1189,Farah A.,"Sandalwood Eau de Parfum, 50 ml",Fragrance,Perfumes,1,1299
2026-08-09 19:19,ORD5364,C1133,Uma B.,"Cotton Kurta, Indigo",Clothing,Kurtas,1,1299
2026-08-09 20:17,ORD5357,C1017,Meera T.,Glass Bangle Set,Jewellery,Bangles,1,349
2026-08-09 21:00,ORD5358,C1024,Rohan N.,Brass Kada,Jewellery,Bangles,1,549
2026-08-09 21:00,ORD5358,C1024,Rohan N.,Oxidised Jhumkas,Jewellery,Earrings,1,449
2026-08-09 21:18,ORD5360,C1186,Uma D.,"Bandhani Dupatta, Pink",Clothing,Dupattas,1,699
2026-08-09 21:22,ORD5356,C1003,Meera N.,"Handloom Saree, Maroon",Clothing,Sarees,1,3499
2026-08-09 21:22,ORD5356,C1003,Meera N.,"Rose Attar, 6 ml",Fragrance,Attars,1,499
2026-08-10 10:04,ORD5365,C1022,Anjali G.,"Rose Attar, 6 ml",Fragrance,Attars,1,499
2026-08-10 20:03,ORD5369,C1190,Mehak V.,Pearl Drop Earrings,Jewellery,Earrings,1,599
2026-08-10 20:26,ORD5368,C1114,Rohan V.,Brass Kada,Jewellery,Bangles,1,549
2026-08-10 20:53,ORD5366,C1023,Vidya G.,"Temple Necklace, Gold-tone",Jewellery,Necklaces,1,1299
2026-08-10 21:11,ORD5367,C1045,Vihaan M.,"Rose Attar, 6 ml",Fragrance,Attars,1,499
2026-08-11 14:09,ORD5370,C1014,Sana C.,Adjustable Silver Ring,Jewellery,Rings,1,299
2026-08-11 19:03,ORD5371,C1191,Sameer G.,Oxidised Jhumkas,Jewellery,Earrings,1,449
2026-08-11 19:03,ORD5371,C1191,Sameer G.,Brass Kada,Jewellery,Bangles,1,549
2026-08-11 19:03,ORD5371,C1191,Sameer G.,Glass Bangle Set,Jewellery,Bangles,1,349
2026-08-11 20:37,ORD5372,C1192,Kavya M.,Oxidised Jhumkas,Jewellery,Earrings,1,449
2026-08-12 10:06,ORD5376,C1195,Vidya C.,"Jasmine Body Mist, 100 ml",Fragrance,Perfumes,2,1598
2026-08-12 10:06,ORD5376,C1195,Vidya C.,"Block Print Kurta, Rust",Clothing,Kurtas,1,1499
2026-08-12 10:06,ORD5376,C1195,Vidya C.,"Bandhani Dupatta, Pink",Clothing,Dupattas,1,699
2026-08-12 19:38,ORD5374,C1193,Meera C.,Attar Discovery Set,Fragrance,Gift sets,1,1199
2026-08-12 20:09,ORD5373,C1020,Suhana S.,"Chikankari Kurta, White",Clothing,Kurtas,1,1899
2026-08-12 20:09,ORD5373,C1020,Suhana S.,"Jasmine Body Mist, 100 ml",Fragrance,Perfumes,1,799
2026-08-12 20:43,ORD5375,C1194,Vidya P.,"Cotton Kurta, Indigo",Clothing,Kurtas,1,1299
2026-08-12 21:48,ORD5377,C1065,Mehak M.,"Handloom Saree, Maroon",Clothing,Sarees,1,3499
2026-08-13 14:28,ORD5378,C1006,Trisha D.,Attar Discovery Set,Fragrance,Gift sets,1,1199
2026-08-13 14:28,ORD5378,C1006,Trisha D.,"Oud Attar, 6 ml",Fragrance,Attars,1,899
2026-08-13 19:11,ORD5381,C1197,Vidya V.,Pearl Drop Earrings,Jewellery,Earrings,1,599
2026-08-13 19:11,ORD5381,C1197,Vidya V.,"Temple Necklace, Gold-tone",Jewellery,Necklaces,1,1299
2026-08-13 19:11,ORD5381,C1197,Vidya V.,Attar Discovery Set,Fragrance,Gift sets,1,1199
2026-08-13 20:40,ORD5380,C1196,Diya G.,"Cotton Kurta, Indigo",Clothing,Kurtas,1,1299
2026-08-13 21:53,ORD5379,C1023,Vidya G.,Brass Kada,Jewellery,Bangles,2,1098
2026-08-13 21:53,ORD5379,C1023,Vidya G.,"Rose Attar, 6 ml",Fragrance,Attars,1,499
2026-08-13 21:53,ORD5379,C1023,Vidya G.,Glass Bangle Set,Jewellery,Bangles,1,349
2026-08-14 12:18,ORD5383,C1003,Meera N.,"Mogra Attar, 6 ml",Fragrance,Attars,1,549
2026-08-14 17:07,ORD5382,C1001,Pooja J.,"Bandhani Dupatta, Pink",Clothing,Dupattas,1,699
2026-08-14 17:55,ORD5386,C1159,Farah S.,Oxidised Jhumkas,Jewellery,Earrings,1,449
2026-08-14 17:55,ORD5386,C1159,Farah S.,Attar Discovery Set,Fragrance,Gift sets,1,1199
2026-08-14 17:55,ORD5386,C1159,Farah S.,"Rose Attar, 6 ml",Fragrance,Attars,1,499
2026-08-14 19:56,ORD5385,C1184,Pari C.,"Chikankari Kurta, White",Clothing,Kurtas,1,1899
2026-08-14 20:29,ORD5384,C1024,Rohan N.,Oxidised Jhumkas,Jewellery,Earrings,1,449
2026-08-14 20:29,ORD5384,C1024,Rohan N.,"Temple Necklace, Gold-tone",Jewellery,Necklaces,1,1299
2026-08-15 10:40,ORD5394,C1199,Lavanya G.,"Bandhani Dupatta, Pink",Clothing,Dupattas,1,699
2026-08-15 10:40,ORD5394,C1199,Lavanya G.,Oxidised Jhumkas,Jewellery,Earrings,1,449
2026-08-15 14:07,ORD5388,C1027,Isha T.,Adjustable Silver Ring,Jewellery,Rings,1,299
2026-08-15 14:07,ORD5388,C1027,Isha T.,"Chikankari Kurta, White",Clothing,Kurtas,1,1899
2026-08-15 14:41,ORD5389,C1036,Trisha C.,"Mogra Attar, 6 ml",Fragrance,Attars,1,549
2026-08-15 20:01,ORD5390,C1045,Vihaan M.,Glass Bangle Set,Jewellery,Bangles,2,698
2026-08-15 20:02,ORD5391,C1198,Simran K.,"Cotton Kurta, Indigo",Clothing,Kurtas,1,1299
2026-08-15 21:11,ORD5387,C1003,Meera N.,Pearl Drop Earrings,Jewellery,Earrings,1,599
2026-08-15 22:04,ORD5393,C1050,Diya V.,Pearl Drop Earrings,Jewellery,Earrings,1,599
2026-08-15 22:04,ORD5393,C1050,Diya V.,Adjustable Silver Ring,Jewellery,Rings,1,299
2026-08-15 22:56,ORD5392,C1062,Ananya K.,Oxidised Jhumkas,Jewellery,Earrings,1,449
2026-08-16 14:50,ORD5398,C1201,Manya C.,"Rose Attar, 6 ml",Fragrance,Attars,2,998
2026-08-16 17:00,ORD5401,C1204,Aditi G.,"Oud Attar, 6 ml",Fragrance,Attars,2,1798
2026-08-16 17:47,ORD5397,C1200,Sakshi V.,"Linen Saree, Olive",Clothing,Sarees,1,2799
2026-08-16 17:47,ORD5397,C1200,Sakshi V.,"Cotton Kurta, Indigo",Clothing,Kurtas,1,1299
2026-08-16 17:47,ORD5397,C1200,Sakshi V.,Kundan Studs,Jewellery,Earrings,1,399
2026-08-16 19:03,ORD5399,C1202,Vidya M.,"Chikankari Kurta, White",Clothing,Kurtas,1,1899
2026-08-16 19:03,ORD5399,C1202,Vidya M.,Adjustable Silver Ring,Jewellery,Rings,1,299
2026-08-16 19:36,ORD5396,C1023,Vidya G.,"Block Print Kurta, Rust",Clothing,Kurtas,1,1499
2026-08-16 19:50,ORD5395,C1006,Trisha D.,"Jasmine Body Mist, 100 ml",Fragrance,Perfumes,1,799
2026-08-16 20:10,ORD5400,C1203,Anjali P.,"Mogra Attar, 6 ml",Fragrance,Attars,1,549
2026-08-16 20:10,ORD5400,C1203,Anjali P.,"Oud Attar, 6 ml",Fragrance,Attars,2,1798
2026-08-17 19:20,ORD5410,C1206,Naina C.,Oxidised Jhumkas,Jewellery,Earrings,1,449
2026-08-17 19:20,ORD5410,C1206,Naina C.,"Mogra Attar, 6 ml",Fragrance,Attars,1,549
2026-08-17 19:28,ORD5408,C1205,Aisha J.,"Sandalwood Eau de Parfum, 50 ml",Fragrance,Perfumes,1,1299
2026-08-17 19:28,ORD5408,C1205,Aisha J.,"Rose Attar, 6 ml",Fragrance,Attars,1,499
2026-08-17 19:28,ORD5408,C1205,Aisha J.,Attar Discovery Set,Fragrance,Gift sets,1,1199
2026-08-17 19:32,ORD5402,C1003,Meera N.,"Jasmine Body Mist, 100 ml",Fragrance,Perfumes,1,799
2026-08-17 19:45,ORD5404,C1007,Sameer N.,"Block Print Kurta, Rust",Clothing,Kurtas,1,1499
2026-08-17 19:45,ORD5407,C1040,Nidhi S.,Glass Bangle Set,Jewellery,Bangles,1,349
2026-08-17 20:58,ORD5411,C1207,Zoya P.,Oxidised Jhumkas,Jewellery,Earrings,1,449
2026-08-17 21:02,ORD5406,C1028,Ira P.,Brass Kada,Jewellery,Bangles,1,549
2026-08-17 21:17,ORD5405,C1027,Isha T.,Kundan Studs,Jewellery,Earrings,1,399
2026-08-17 22:38,ORD5403,C1004,Rhea B.,Kundan Studs,Jewellery,Earrings,1,399
2026-08-17 22:49,ORD5409,C1074,Kavya S.,Attar Discovery Set,Fragrance,Gift sets,1,1199
2026-08-17 22:49,ORD5409,C1074,Kavya S.,Brass Kada,Jewellery,Bangles,1,549
2026-08-17 22:49,ORD5409,C1074,Kavya S.,Oxidised Jhumkas,Jewellery,Earrings,1,449
2026-08-18 12:29,ORD5416,C1209,Vanya N.,Glass Bangle Set,Jewellery,Bangles,1,349
2026-08-18 17:09,ORD5414,C1023,Vidya G.,"Mogra Attar, 6 ml",Fragrance,Attars,1,549
2026-08-18 19:04,ORD5418,C1210,Mehak B.,"Phulkari Dupatta, Mustard",Clothing,Dupattas,1,899
2026-08-18 19:08,ORD5419,C1138,Vihaan B.,Oxidised Jhumkas,Jewellery,Earrings,1,449
2026-08-18 20:51,ORD5412,C1003,Meera N.,Glass Bangle Set,Jewellery,Bangles,1,349
2026-08-18 20:51,ORD5417,C1057,Anjali A.,Attar Discovery Set,Fragrance,Gift sets,1,1199
2026-08-18 21:20,ORD5413,C1014,Sana C.,"Phulkari Dupatta, Mustard",Clothing,Dupattas,1,899
2026-08-18 21:20,ORD5413,C1014,Sana C.,"Linen Saree, Olive",Clothing,Sarees,1,2799
2026-08-18 21:20,ORD5413,C1014,Sana C.,"Bandhani Dupatta, Pink",Clothing,Dupattas,1,699
2026-08-18 21:28,ORD5415,C1208,Neha B.,Oxidised Jhumkas,Jewellery,Earrings,1,449
2026-08-19 14:53,ORD5423,C1025,Farah B.,"Block Print Kurta, Rust",Clothing,Kurtas,1,1499
2026-08-19 14:53,ORD5423,C1025,Farah B.,"Mogra Attar, 6 ml",Fragrance,Attars,1,549
2026-08-19 17:26,ORD5424,C1032,Mehak C.,Pearl Drop Earrings,Jewellery,Earrings,1,599
2026-08-19 19:40,ORD5420,C1010,Yashika S.,"Bandhani Dupatta, Pink",Clothing,Dupattas,1,699
2026-08-19 20:38,ORD5422,C1020,Suhana S.,"Phulkari Dupatta, Mustard",Clothing,Dupattas,2,1798
2026-08-19 20:59,ORD5426,C1206,Naina C.,"Cotton Kurta, Indigo",Clothing,Kurtas,1,1299
2026-08-19 21:14,ORD5421,C1012,Sneha N.,"Phulkari Dupatta, Mustard",Clothing,Dupattas,1,899
2026-08-19 21:56,ORD5425,C1157,Saanvi M.,"Jasmine Body Mist, 100 ml",Fragrance,Perfumes,1,799
2026-08-20 10:09,ORD5428,C1032,Mehak C.,"Mogra Attar, 6 ml",Fragrance,Attars,1,549
2026-08-20 14:21,ORD5429,C1039,Ira K.,"Cotton Kurta, Indigo",Clothing,Kurtas,1,1299
2026-08-20 14:21,ORD5429,C1039,Ira K.,"Oud Attar, 6 ml",Fragrance,Attars,2,1798
2026-08-20 19:10,ORD5432,C1187,Priya M.,Silver Choker,Jewellery,Necklaces,1,899
2026-08-20 20:38,ORD5431,C1170,Radhika C.,Kundan Studs,Jewellery,Earrings,1,399
2026-08-20 21:30,ORD5427,C1028,Ira P.,"Sandalwood Eau de Parfum, 50 ml",Fragrance,Perfumes,1,1299
2026-08-20 21:30,ORD5427,C1028,Ira P.,"Oud Attar, 6 ml",Fragrance,Attars,1,899
2026-08-20 21:33,ORD5430,C1211,Isha N.,"Cotton Kurta, Indigo",Clothing,Kurtas,1,1299
2026-08-21 12:30,ORD5433,C1024,Rohan N.,Oxidised Jhumkas,Jewellery,Earrings,1,449
2026-08-21 12:30,ORD5433,C1024,Rohan N.,"Linen Saree, Olive",Clothing,Sarees,1,2799
2026-08-21 14:24,ORD5436,C1213,Lavanya A.,Kundan Studs,Jewellery,Earrings,2,798
2026-08-21 14:24,ORD5436,C1213,Lavanya A.,"Rose Attar, 6 ml",Fragrance,Attars,1,499
2026-08-21 17:17,ORD5437,C1214,Saanvi M.,"Mogra Attar, 6 ml",Fragrance,Attars,1,549
2026-08-21 19:48,ORD5434,C1039,Ira K.,Silver Choker,Jewellery,Necklaces,1,899
2026-08-21 21:15,ORD5435,C1212,Sameer M.,"Bandhani Dupatta, Pink",Clothing,Dupattas,1,699
2026-08-21 21:21,ORD5438,C1215,Ananya R.,"Sandalwood Eau de Parfum, 50 ml",Fragrance,Perfumes,1,1299
2026-08-21 22:20,ORD5439,C1216,Simran S.,"Bandhani Dupatta, Pink",Clothing,Dupattas,1,699
2026-08-21 22:20,ORD5439,C1216,Simran S.,Adjustable Silver Ring,Jewellery,Rings,2,598
2026-08-21 22:20,ORD5439,C1216,Simran S.,"Cotton Kurta, Indigo",Clothing,Kurtas,1,1299
2026-08-22 10:40,ORD5440,C1003,Meera N.,"Temple Necklace, Gold-tone",Jewellery,Necklaces,1,1299
2026-08-22 12:50,ORD5449,C1120,Arjun N.,Oxidised Jhumkas,Jewellery,Earrings,1,449
2026-08-22 12:50,ORD5449,C1120,Arjun N.,"Linen Saree, Olive",Clothing,Sarees,1,2799
2026-08-22 14:03,ORD5450,C1217,Isha K.,Oxidised Jhumkas,Jewellery,Earrings,1,449
2026-08-22 14:17,ORD5451,C1218,Divya R.,"Cotton Kurta, Indigo",Clothing,Kurtas,1,1299
2026-08-22 14:17,ORD5451,C1218,Divya R.,Glass Bangle Set,Jewellery,Bangles,1,349
2026-08-22 17:49,ORD5444,C1021,Nikhil G.,Glass Bangle Set,Jewellery,Bangles,1,349
2026-08-22 17:49,ORD5444,C1021,Nikhil G.,"Mogra Attar, 6 ml",Fragrance,Attars,2,1098
2026-08-22 17:51,ORD5447,C1038,Rahul B.,Oxidised Jhumkas,Jewellery,Earrings,1,449
2026-08-22 19:29,ORD5443,C1018,Tara A.,"Block Print Kurta, Rust",Clothing,Kurtas,1,1499
2026-08-22 19:57,ORD5445,C1030,Manya T.,"Block Print Kurta, Rust",Clothing,Kurtas,1,1499
2026-08-22 20:10,ORD5453,C1196,Diya G.,"Rose Attar, 6 ml",Fragrance,Attars,1,499
2026-08-22 20:58,ORD5452,C1219,Mehak A.,Adjustable Silver Ring,Jewellery,Rings,2,598
2026-08-22 21:16,ORD5448,C1045,Vihaan M.,"Chikankari Kurta, White",Clothing,Kurtas,1,1899
2026-08-22 21:31,ORD5446,C1031,Jiya J.,"Mogra Attar, 6 ml",Fragrance,Attars,1,549
2026-08-22 21:32,ORD5442,C1017,Meera T.,"Cotton Kurta, Indigo",Clothing,Kurtas,1,1299
2026-08-22 22:00,ORD5441,C1012,Sneha N.,Brass Kada,Jewellery,Bangles,1,549
2026-08-23 12:36,ORD5461,C1223,Zoya D.,Kundan Studs,Jewellery,Earrings,1,399
2026-08-23 12:36,ORD5461,C1223,Zoya D.,Oxidised Jhumkas,Jewellery,Earrings,2,898
2026-08-23 12:39,ORD5458,C1220,Aarav A.,"Oud Attar, 6 ml",Fragrance,Attars,2,1798
2026-08-23 14:44,ORD5459,C1221,Ananya B.,"Bandhani Dupatta, Pink",Clothing,Dupattas,1,699
2026-08-23 19:28,ORD5456,C1032,Mehak C.,Kundan Studs,Jewellery,Earrings,1,399
2026-08-23 20:30,ORD5457,C1044,Vihaan S.,"Rose Attar, 6 ml",Fragrance,Attars,1,499
2026-08-23 20:54,ORD5454,C1008,Lavanya C.,"Cotton Kurta, Indigo",Clothing,Kurtas,1,1299
2026-08-23 21:31,ORD5455,C1012,Sneha N.,Attar Discovery Set,Fragrance,Gift sets,1,1199
2026-08-23 21:38,ORD5460,C1222,Manya P.,Kundan Studs,Jewellery,Earrings,1,399
2026-08-23 21:38,ORD5460,C1222,Manya P.,Adjustable Silver Ring,Jewellery,Rings,1,299
2026-08-24 12:19,ORD5472,C1227,Nidhi D.,"Jasmine Body Mist, 100 ml",Fragrance,Perfumes,1,799
2026-08-24 12:28,ORD5466,C1039,Ira K.,"Mogra Attar, 6 ml",Fragrance,Attars,1,549
2026-08-24 12:37,ORD5471,C1118,Aisha V.,"Cotton Kurta, Indigo",Clothing,Kurtas,1,1299
2026-08-24 14:24,ORD5469,C1225,Jiya N.,"Sandalwood Eau de Parfum, 50 ml",Fragrance,Perfumes,1,1299
2026-08-24 14:32,ORD5470,C1226,Nidhi B.,"Phulkari Dupatta, Mustard",Clothing,Dupattas,1,899
2026-08-24 17:37,ORD5462,C1009,Priya N.,Oxidised Jhumkas,Jewellery,Earrings,1,449
2026-08-24 17:37,ORD5462,C1009,Priya N.,"Mogra Attar, 6 ml",Fragrance,Attars,2,1098
2026-08-24 20:16,ORD5467,C1044,Vihaan S.,Pearl Drop Earrings,Jewellery,Earrings,1,599
2026-08-24 20:21,ORD5465,C1031,Jiya J.,Glass Bangle Set,Jewellery,Bangles,1,349
2026-08-24 21:11,ORD5464,C1029,Rhea G.,"Cotton Kurta, Indigo",Clothing,Kurtas,1,1299
2026-08-24 21:35,ORD5463,C1015,Aisha S.,"Handloom Saree, Maroon",Clothing,Sarees,1,3499
2026-08-24 22:59,ORD5468,C1224,Zoya C.,"Bandhani Dupatta, Pink",Clothing,Dupattas,1,699
2026-08-25 17:44,ORD5476,C1228,Riya V.,"Chikankari Kurta, White",Clothing,Kurtas,1,1899
2026-08-25 19:12,ORD5475,C1038,Rahul B.,Pearl Drop Earrings,Jewellery,Earrings,1,599
2026-08-25 19:12,ORD5475,C1038,Rahul B.,"Sandalwood Eau de Parfum, 50 ml",Fragrance,Perfumes,1,1299
2026-08-25 19:31,ORD5477,C1229,Manya S.,Silver Choker,Jewellery,Necklaces,1,899
2026-08-25 19:51,ORD5474,C1018,Tara A.,"Jasmine Body Mist, 100 ml",Fragrance,Perfumes,1,799
2026-08-25 20:35,ORD5478,C1230,Naina S.,Oxidised Jhumkas,Jewellery,Earrings,2,898
2026-08-25 20:35,ORD5478,C1230,Naina S.,"Cotton Kurta, Indigo",Clothing,Kurtas,1,1299
2026-08-25 21:26,ORD5473,C1003,Meera N.,Attar Discovery Set,Fragrance,Gift sets,1,1199
2026-08-25 21:26,ORD5473,C1003,Meera N.,Kundan Studs,Jewellery,Earrings,1,399
2026-08-25 22:16,ORD5479,C1231,Farah A.,"Oud Attar, 6 ml",Fragrance,Attars,1,899
2026-08-25 22:16,ORD5479,C1231,Farah A.,Adjustable Silver Ring,Jewellery,Rings,1,299
2026-08-25 22:16,ORD5479,C1231,Farah A.,Kundan Studs,Jewellery,Earrings,1,399
2026-08-26 10:58,ORD5487,C1235,Pari R.,Brass Kada,Jewellery,Bangles,2,1098
2026-08-26 10:58,ORD5487,C1235,Pari R.,Adjustable Silver Ring,Jewellery,Rings,1,299
2026-08-26 17:00,ORD5481,C1015,Aisha S.,"Linen Co-ord Set, Sage",Clothing,Co-ord sets,1,2199
2026-08-26 17:31,ORD5480,C1001,Pooja J.,Glass Bangle Set,Jewellery,Bangles,1,349
2026-08-26 20:03,ORD5483,C1045,Vihaan M.,Adjustable Silver Ring,Jewellery,Rings,1,299
2026-08-26 20:03,ORD5483,C1045,Vihaan M.,"Cotton Kurta, Indigo",Clothing,Kurtas,1,1299
2026-08-26 20:04,ORD5484,C1232,Avni M.,Pearl Drop Earrings,Jewellery,Earrings,1,599
2026-08-26 20:42,ORD5486,C1234,Vanya J.,"Linen Saree, Olive",Clothing,Sarees,1,2799
2026-08-26 20:42,ORD5486,C1234,Vanya J.,"Bandhani Dupatta, Pink",Clothing,Dupattas,1,699
2026-08-26 20:42,ORD5486,C1234,Vanya J.,Oxidised Jhumkas,Jewellery,Earrings,1,449
2026-08-26 21:42,ORD5485,C1233,Rohan D.,"Chikankari Kurta, White",Clothing,Kurtas,1,1899
2026-08-26 22:39,ORD5482,C1022,Anjali G.,"Chikankari Kurta, White",Clothing,Kurtas,1,1899
2026-08-27 14:21,ORD5492,C1238,Riya P.,"Rose Attar, 6 ml",Fragrance,Attars,2,998
2026-08-27 14:21,ORD5492,C1238,Riya P.,"Block Print Kurta, Rust",Clothing,Kurtas,1,1499
2026-08-27 17:15,ORD5489,C1044,Vihaan S.,"Block Print Kurta, Rust",Clothing,Kurtas,1,1499
2026-08-27 17:15,ORD5489,C1044,Vihaan S.,Pearl Drop Earrings,Jewellery,Earrings,1,599
2026-08-27 19:31,ORD5490,C1236,Kiara J.,"Bandhani Dupatta, Pink",Clothing,Dupattas,1,699
2026-08-27 19:33,ORD5491,C1237,Nidhi C.,Kundan Studs,Jewellery,Earrings,2,798
2026-08-27 20:33,ORD5494,C1077,Uma A.,"Linen Co-ord Set, Sage",Clothing,Co-ord sets,1,2199
2026-08-27 20:33,ORD5494,C1077,Uma A.,"Rose Attar, 6 ml",Fragrance,Attars,1,499
2026-08-27 21:42,ORD5493,C1239,Neha M.,Brass Kada,Jewellery,Bangles,1,549
2026-08-27 22:17,ORD5488,C1015,Aisha S.,"Mogra Attar, 6 ml",Fragrance,Attars,1,549
2026-08-28 10:10,ORD5495,C1042,Vidya M.,"Rose Attar, 6 ml",Fragrance,Attars,1,499
2026-08-28 19:09,ORD5496,C1240,Uma V.,Glass Bangle Set,Jewellery,Bangles,1,349
2026-08-28 19:55,ORD5497,C1241,Mehak G.,"Block Print Kurta, Rust",Clothing,Kurtas,1,1499
2026-08-28 19:55,ORD5497,C1241,Mehak G.,Glass Bangle Set,Jewellery,Bangles,1,349
2026-08-28 20:21,ORD5498,C1242,Priya T.,"Cotton Kurta, Indigo",Clothing,Kurtas,1,1299
2026-08-29 19:03,ORD5508,C1077,Uma A.,"Block Print Kurta, Rust",Clothing,Kurtas,1,1499
2026-08-29 19:13,ORD5504,C1244,Anjali D.,Oxidised Jhumkas,Jewellery,Earrings,1,449
2026-08-29 19:43,ORD5499,C1010,Yashika S.,Pearl Drop Earrings,Jewellery,Earrings,1,599
2026-08-29 19:43,ORD5499,C1010,Yashika S.,"Rose Attar, 6 ml",Fragrance,Attars,1,499
2026-08-29 19:52,ORD5502,C1032,Mehak C.,"Sandalwood Eau de Parfum, 50 ml",Fragrance,Perfumes,1,1299
2026-08-29 20:53,ORD5507,C1247,Radhika M.,Oxidised Jhumkas,Jewellery,Earrings,1,449
2026-08-29 20:53,ORD5507,C1247,Radhika M.,"Oud Attar, 6 ml",Fragrance,Attars,2,1798
2026-08-29 21:11,ORD5501,C1023,Vidya G.,"Bandhani Dupatta, Pink",Clothing,Dupattas,1,699
2026-08-29 21:49,ORD5505,C1245,Zoya S.,"Bandhani Dupatta, Pink",Clothing,Dupattas,1,699
2026-08-29 21:56,ORD5506,C1246,Simran R.,"Rose Attar, 6 ml",Fragrance,Attars,1,499
2026-08-29 22:14,ORD5503,C1243,Saanvi K.,"Mogra Attar, 6 ml",Fragrance,Attars,2,1098
2026-08-29 22:56,ORD5500,C1012,Sneha N.,"Block Print Kurta, Rust",Clothing,Kurtas,1,1499
2026-08-30 12:12,ORD5518,C1252,Rohan K.,"Cotton Kurta, Indigo",Clothing,Kurtas,1,1299
2026-08-30 12:40,ORD5520,C1253,Sana S.,Adjustable Silver Ring,Jewellery,Rings,1,299
2026-08-30 17:30,ORD5517,C1251,Diya P.,"Bandhani Dupatta, Pink",Clothing,Dupattas,1,699
2026-08-30 17:42,ORD5510,C1004,Rhea B.,Kundan Studs,Jewellery,Earrings,1,399
2026-08-30 17:42,ORD5510,C1004,Rhea B.,Glass Bangle Set,Jewellery,Bangles,1,349
2026-08-30 19:59,ORD5519,C1156,Sana C.,Glass Bangle Set,Jewellery,Bangles,3,1047
2026-08-30 20:21,ORD5516,C1250,Rhea N.,Pearl Drop Earrings,Jewellery,Earrings,1,599
2026-08-30 20:41,ORD5514,C1248,Radhika J.,"Phulkari Dupatta, Mustard",Clothing,Dupattas,2,1798
2026-08-30 20:52,ORD5509,C1001,Pooja J.,Adjustable Silver Ring,Jewellery,Rings,1,299
2026-08-30 20:52,ORD5509,C1001,Pooja J.,Glass Bangle Set,Jewellery,Bangles,1,349
2026-08-30 20:52,ORD5512,C1025,Farah B.,Kundan Studs,Jewellery,Earrings,1,399
2026-08-30 20:58,ORD5511,C1018,Tara A.,"Jasmine Body Mist, 100 ml",Fragrance,Perfumes,3,2397
2026-08-30 21:39,ORD5515,C1249,Vidya B.,Adjustable Silver Ring,Jewellery,Rings,1,299
2026-08-30 22:20,ORD5513,C1036,Trisha C.,Oxidised Jhumkas,Jewellery,Earrings,1,449
2026-08-31 10:48,ORD5521,C1001,Pooja J.,Oxidised Jhumkas,Jewellery,Earrings,1,449
2026-08-31 10:48,ORD5521,C1001,Pooja J.,Attar Discovery Set,Fragrance,Gift sets,1,1199
2026-08-31 19:19,ORD5523,C1027,Isha T.,"Bandhani Dupatta, Pink",Clothing,Dupattas,2,1398
2026-08-31 20:45,ORD5525,C1254,Jiya A.,"Rose Attar, 6 ml",Fragrance,Attars,2,998
2026-08-31 20:47,ORD5522,C1023,Vidya G.,"Chikankari Kurta, White",Clothing,Kurtas,1,1899
2026-08-31 20:47,ORD5522,C1023,Vidya G.,"Linen Co-ord Set, Sage",Clothing,Co-ord sets,1,2199
2026-08-31 22:45,ORD5524,C1042,Vidya M.,Oxidised Jhumkas,Jewellery,Earrings,3,1347
2026-08-31 22:45,ORD5526,C1255,Naina M.,"Jasmine Body Mist, 100 ml",Fragrance,Perfumes,1,799
2026-09-01 10:45,ORD5535,C1258,Rahul N.,"Sandalwood Eau de Parfum, 50 ml",Fragrance,Perfumes,1,1299
2026-09-01 10:45,ORD5535,C1258,Rahul N.,Brass Kada,Jewellery,Bangles,2,1098
2026-09-01 14:51,ORD5537,C1260,Sakshi T.,Pearl Drop Earrings,Jewellery,Earrings,1,599
2026-09-01 17:01,ORD5529,C1036,Trisha C.,Adjustable Silver Ring,Jewellery,Rings,1,299
2026-09-01 17:01,ORD5531,C1039,Ira K.,"Block Print Kurta, Rust",Clothing,Kurtas,1,1499
2026-09-01 19:28,ORD5530,C1037,Meera K.,Oxidised Jhumkas,Jewellery,Earrings,1,449
2026-09-01 19:28,ORD5530,C1037,Meera K.,Pearl Drop Earrings,Jewellery,Earrings,1,599
2026-09-01 19:44,ORD5536,C1259,Naina C.,"Chikankari Kurta, White",Clothing,Kurtas,1,1899
2026-09-01 19:44,ORD5536,C1259,Naina C.,Kundan Studs,Jewellery,Earrings,1,399
2026-09-01 19:59,ORD5528,C1032,Mehak C.,"Temple Necklace, Gold-tone",Jewellery,Necklaces,1,1299
2026-09-01 20:03,ORD5527,C1020,Suhana S.,"Cotton Kurta, Indigo",Clothing,Kurtas,1,1299
2026-09-01 21:55,ORD5533,C1257,Vihaan R.,"Mogra Attar, 6 ml",Fragrance,Attars,1,549
2026-09-01 22:18,ORD5532,C1256,Saanvi J.,"Chikankari Kurta, White",Clothing,Kurtas,1,1899
2026-09-01 22:28,ORD5534,C1136,Riya A.,"Cotton Kurta, Indigo",Clothing,Kurtas,1,1299
2026-09-02 14:11,ORD5545,C1263,Nikhil V.,"Bandhani Dupatta, Pink",Clothing,Dupattas,1,699
2026-09-02 19:15,ORD5548,C1232,Avni M.,"Chikankari Kurta, White",Clothing,Kurtas,1,1899
2026-09-02 19:19,ORD5539,C1009,Priya N.,"Block Print Kurta, Rust",Clothing,Kurtas,1,1499
2026-09-02 19:39,ORD5540,C1042,Vidya M.,Adjustable Silver Ring,Jewellery,Rings,1,299
2026-09-02 20:56,ORD5542,C1052,Diya T.,Silver Choker,Jewellery,Necklaces,1,899
2026-09-02 21:12,ORD5547,C1264,Jiya P.,"Block Print Kurta, Rust",Clothing,Kurtas,1,1499
2026-09-02 21:12,ORD5547,C1264,Jiya P.,Silver Choker,Jewellery,Necklaces,1,899
2026-09-02 21:54,ORD5541,C1044,Vihaan S.,"Jasmine Body Mist, 100 ml",Fragrance,Perfumes,1,799
2026-09-02 22:05,ORD5546,C1094,Suhana K.,"Rose Attar, 6 ml",Fragrance,Attars,1,499
2026-09-02 22:05,ORD5546,C1094,Suhana K.,"Mogra Attar, 6 ml",Fragrance,Attars,1,549
2026-09-02 22:15,ORD5543,C1261,Naina T.,"Handloom Saree, Maroon",Clothing,Sarees,1,3499
2026-09-02 22:15,ORD5543,C1261,Naina T.,Brass Kada,Jewellery,Bangles,1,549
2026-09-02 22:42,ORD5538,C1006,Trisha D.,"Oud Attar, 6 ml",Fragrance,Attars,1,899
2026-09-02 22:46,ORD5544,C1262,Farah K.,"Rose Attar, 6 ml",Fragrance,Attars,1,499
2026-09-03 10:06,ORD5549,C1010,Yashika S.,"Block Print Kurta, Rust",Clothing,Kurtas,1,1499
2026-09-03 10:56,ORD5557,C1197,Vidya V.,Silver Choker,Jewellery,Necklaces,1,899
2026-09-03 17:10,ORD5558,C1269,Aisha S.,"Mogra Attar, 6 ml",Fragrance,Attars,1,549
2026-09-03 17:32,ORD5550,C1023,Vidya G.,"Rose Attar, 6 ml",Fragrance,Attars,2,998
2026-09-03 17:56,ORD5555,C1268,Nidhi T.,"Chikankari Kurta, White",Clothing,Kurtas,1,1899
2026-09-03 17:56,ORD5555,C1268,Nidhi T.,"Phulkari Dupatta, Mustard",Clothing,Dupattas,2,1798
2026-09-03 19:16,ORD5553,C1266,Ira A.,"Cotton Kurta, Indigo",Clothing,Kurtas,1,1299
2026-09-03 19:27,ORD5554,C1267,Priya D.,Pearl Drop Earrings,Jewellery,Earrings,1,599
2026-09-03 19:27,ORD5554,C1267,Priya D.,Adjustable Silver Ring,Jewellery,Rings,2,598
2026-09-03 19:27,ORD5554,C1267,Priya D.,"Sandalwood Eau de Parfum, 50 ml",Fragrance,Perfumes,1,1299
2026-09-03 19:37,ORD5551,C1031,Jiya J.,"Block Print Kurta, Rust",Clothing,Kurtas,1,1499
2026-09-03 19:37,ORD5551,C1031,Jiya J.,"Cotton Kurta, Indigo",Clothing,Kurtas,1,1299
2026-09-03 20:05,ORD5552,C1265,Radhika P.,"Oud Attar, 6 ml",Fragrance,Attars,1,899
2026-09-03 20:05,ORD5552,C1265,Radhika P.,"Cotton Kurta, Indigo",Clothing,Kurtas,1,1299
2026-09-03 20:05,ORD5552,C1265,Radhika P.,"Jasmine Body Mist, 100 ml",Fragrance,Perfumes,1,799
2026-09-03 20:57,ORD5556,C1098,Tanvi G.,"Cotton Kurta, Indigo",Clothing,Kurtas,1,1299
2026-09-04 10:01,ORD5562,C1028,Ira P.,"Temple Necklace, Gold-tone",Jewellery,Necklaces,1,1299
2026-09-04 10:01,ORD5562,C1028,Ira P.,"Rose Attar, 6 ml",Fragrance,Attars,1,499
2026-09-04 14:42,ORD5559,C1001,Pooja J.,Kundan Studs,Jewellery,Earrings,1,399
2026-09-04 14:42,ORD5559,C1001,Pooja J.,Oxidised Jhumkas,Jewellery,Earrings,1,449
2026-09-04 17:02,ORD5566,C1074,Kavya S.,"Rose Attar, 6 ml",Fragrance,Attars,2,998
2026-09-04 17:02,ORD5566,C1074,Kavya S.,"Cotton Kurta, Indigo",Clothing,Kurtas,1,1299
2026-09-04 17:41,ORD5561,C1017,Meera T.,"Block Print Kurta, Rust",Clothing,Kurtas,1,1499
2026-09-04 19:00,ORD5564,C1270,Sana D.,"Mogra Attar, 6 ml",Fragrance,Attars,1,549
2026-09-04 20:34,ORD5567,C1272,Meera T.,"Chikankari Kurta, White",Clothing,Kurtas,1,1899
2026-09-04 20:34,ORD5567,C1272,Meera T.,Pearl Drop Earrings,Jewellery,Earrings,1,599
2026-09-04 20:34,ORD5567,C1272,Meera T.,"Phulkari Dupatta, Mustard",Clothing,Dupattas,1,899
2026-09-04 21:23,ORD5568,C1273,Yashika G.,"Rose Attar, 6 ml",Fragrance,Attars,1,499
2026-09-04 21:24,ORD5560,C1007,Sameer N.,Oxidised Jhumkas,Jewellery,Earrings,1,449
2026-09-04 21:54,ORD5563,C1123,Avni M.,"Mogra Attar, 6 ml",Fragrance,Attars,1,549
2026-09-04 22:52,ORD5565,C1271,Lavanya T.,Silver Choker,Jewellery,Necklaces,1,899
2026-09-05 14:24,ORD5569,C1028,Ira P.,"Block Print Kurta, Rust",Clothing,Kurtas,1,1499
2026-09-05 17:54,ORD5572,C1274,Farah C.,Oxidised Jhumkas,Jewellery,Earrings,1,449
2026-09-05 19:12,ORD5577,C1277,Aditi R.,"Handloom Saree, Maroon",Clothing,Sarees,1,3499
2026-09-05 19:48,ORD5570,C1030,Manya T.,"Cotton Kurta, Indigo",Clothing,Kurtas,1,1299
2026-09-05 20:13,ORD5571,C1036,Trisha C.,"Cotton Kurta, Indigo",Clothing,Kurtas,1,1299
2026-09-05 20:31,ORD5573,C1275,Mehak S.,Kundan Studs,Jewellery,Earrings,1,399
2026-09-05 20:31,ORD5578,C1139,Nidhi P.,"Rose Attar, 6 ml",Fragrance,Attars,2,998
2026-09-05 20:31,ORD5578,C1139,Nidhi P.,Brass Kada,Jewellery,Bangles,2,1098
2026-09-05 20:35,ORD5574,C1077,Uma A.,Glass Bangle Set,Jewellery,Bangles,1,349
2026-09-05 20:56,ORD5576,C1276,Shreya K.,"Cotton Kurta, Indigo",Clothing,Kurtas,1,1299
2026-09-05 20:56,ORD5576,C1276,Shreya K.,Pearl Drop Earrings,Jewellery,Earrings,1,599
2026-09-05 20:56,ORD5576,C1276,Shreya K.,Kundan Studs,Jewellery,Earrings,3,1197
2026-09-05 22:32,ORD5575,C1180,Gauri D.,Kundan Studs,Jewellery,Earrings,1,399
2026-09-06 12:46,ORD5579,C1003,Meera N.,Kundan Studs,Jewellery,Earrings,1,399
2026-09-06 12:46,ORD5579,C1003,Meera N.,Pearl Drop Earrings,Jewellery,Earrings,1,599
2026-09-06 14:17,ORD5580,C1007,Sameer N.,"Block Print Kurta, Rust",Clothing,Kurtas,1,1499
2026-09-06 14:17,ORD5580,C1007,Sameer N.,"Linen Co-ord Set, Sage",Clothing,Co-ord sets,1,2199
2026-09-06 14:28,ORD5583,C1042,Vidya M.,Glass Bangle Set,Jewellery,Bangles,1,349
2026-09-06 19:17,ORD5588,C1281,Arjun A.,"Bandhani Dupatta, Pink",Clothing,Dupattas,1,699
2026-09-06 19:26,ORD5587,C1280,Sameer C.,Glass Bangle Set,Jewellery,Bangles,1,349
2026-09-06 19:33,ORD5585,C1278,Aarav N.,"Block Print Kurta, Rust",Clothing,Kurtas,1,1499
2026-09-06 19:33,ORD5585,C1278,Aarav N.,"Jasmine Body Mist, 100 ml",Fragrance,Perfumes,1,799
2026-09-06 19:36,ORD5584,C1217,Isha K.,"Bandhani Dupatta, Pink",Clothing,Dupattas,1,699
2026-09-06 19:36,ORD5584,C1217,Isha K.,Oxidised Jhumkas,Jewellery,Earrings,1,449
2026-09-06 19:38,ORD5592,C1284,Pari C.,Kundan Studs,Jewellery,Earrings,1,399
2026-09-06 19:38,ORD5592,C1284,Pari C.,"Phulkari Dupatta, Mustard",Clothing,Dupattas,1,899
2026-09-06 19:43,ORD5590,C1283,Rohan D.,Adjustable Silver Ring,Jewellery,Rings,1,299
2026-09-06 19:45,ORD5591,C1249,Vidya B.,Oxidised Jhumkas,Jewellery,Earrings,2,898
2026-09-06 20:01,ORD5586,C1279,Rahul P.,Pearl Drop Earrings,Jewellery,Earrings,1,599
2026-09-06 20:01,ORD5586,C1279,Rahul P.,"Block Print Kurta, Rust",Clothing,Kurtas,1,1499
2026-09-06 20:01,ORD5586,C1279,Rahul P.,Oxidised Jhumkas,Jewellery,Earrings,1,449
2026-09-06 20:20,ORD5582,C1039,Ira K.,Glass Bangle Set,Jewellery,Bangles,2,698
2026-09-06 22:03,ORD5581,C1012,Sneha N.,"Rose Attar, 6 ml",Fragrance,Attars,1,499
2026-09-06 22:48,ORD5589,C1282,Avni R.,"Mogra Attar, 6 ml",Fragrance,Attars,1,549
2026-09-06 22:48,ORD5589,C1282,Avni R.,Pearl Drop Earrings,Jewellery,Earrings,1,599
2026-09-07 17:26,ORD5595,C1040,Nidhi S.,"Bandhani Dupatta, Pink",Clothing,Dupattas,1,699
2026-09-07 19:01,ORD5599,C1286,Aisha M.,"Sandalwood Eau de Parfum, 50 ml",Fragrance,Perfumes,1,1299
2026-09-07 19:24,ORD5597,C1247,Radhika M.,Pearl Drop Earrings,Jewellery,Earrings,1,599
2026-09-07 19:24,ORD5597,C1247,Radhika M.,"Linen Co-ord Set, Sage",Clothing,Co-ord sets,1,2199
2026-09-07 19:46,ORD5602,C1288,Pooja J.,Adjustable Silver Ring,Jewellery,Rings,1,299
2026-09-07 20:15,ORD5593,C1008,Lavanya C.,Glass Bangle Set,Jewellery,Bangles,3,1047
2026-09-07 20:15,ORD5593,C1008,Lavanya C.,"Sandalwood Eau de Parfum, 50 ml",Fragrance,Perfumes,1,1299
2026-09-07 20:22,ORD5598,C1119,Avni T.,"Oud Attar, 6 ml",Fragrance,Attars,2,1798
2026-09-07 20:22,ORD5598,C1119,Avni T.,"Cotton Kurta, Indigo",Clothing,Kurtas,1,1299
2026-09-07 20:22,ORD5598,C1119,Avni T.,Attar Discovery Set,Fragrance,Gift sets,1,1199
2026-09-07 20:50,ORD5601,C1287,Sameer G.,Pearl Drop Earrings,Jewellery,Earrings,1,599
2026-09-07 21:19,ORD5596,C1285,Aditi M.,"Rose Attar, 6 ml",Fragrance,Attars,1,499
2026-09-07 21:39,ORD5594,C1028,Ira P.,Attar Discovery Set,Fragrance,Gift sets,1,1199
2026-09-07 21:39,ORD5594,C1028,Ira P.,"Chikankari Kurta, White",Clothing,Kurtas,1,1899
2026-09-07 22:32,ORD5600,C1074,Kavya S.,"Rose Attar, 6 ml",Fragrance,Attars,1,499
2026-09-07 22:32,ORD5600,C1074,Kavya S.,"Handloom Saree, Maroon",Clothing,Sarees,1,3499
2026-09-08 14:29,ORD5609,C1278,Aarav N.,"Linen Co-ord Set, Sage",Clothing,Co-ord sets,1,2199
2026-09-08 14:29,ORD5609,C1278,Aarav N.,"Chikankari Kurta, White",Clothing,Kurtas,1,1899
2026-09-08 17:29,ORD5603,C1032,Mehak C.,"Temple Necklace, Gold-tone",Jewellery,Necklaces,1,1299
2026-09-08 19:14,ORD5607,C1291,Avni D.,Pearl Drop Earrings,Jewellery,Earrings,1,599
2026-09-08 19:46,ORD5608,C1292,Arjun J.,"Linen Saree, Olive",Clothing,Sarees,1,2799
2026-09-08 20:02,ORD5610,C1293,Aisha M.,"Chikankari Kurta, White",Clothing,Kurtas,1,1899
2026-09-08 20:02,ORD5610,C1293,Aisha M.,"Sandalwood Eau de Parfum, 50 ml",Fragrance,Perfumes,1,1299
2026-09-08 20:48,ORD5604,C1039,Ira K.,"Linen Co-ord Set, Sage",Clothing,Co-ord sets,1,2199
2026-09-08 20:48,ORD5604,C1039,Ira K.,Adjustable Silver Ring,Jewellery,Rings,1,299
2026-09-08 21:13,ORD5605,C1289,Aditi K.,Oxidised Jhumkas,Jewellery,Earrings,1,449
2026-09-08 21:13,ORD5605,C1289,Aditi K.,Kundan Studs,Jewellery,Earrings,2,798
2026-09-08 22:30,ORD5606,C1290,Avni D.,"Sandalwood Eau de Parfum, 50 ml",Fragrance,Perfumes,1,1299
2026-09-08 22:30,ORD5606,C1290,Avni D.,"Chikankari Kurta, White",Clothing,Kurtas,1,1899
2026-09-09 19:02,ORD5618,C1296,Sana J.,Adjustable Silver Ring,Jewellery,Rings,1,299
2026-09-09 19:02,ORD5618,C1296,Sana J.,Oxidised Jhumkas,Jewellery,Earrings,3,1347
2026-09-09 19:15,ORD5617,C1295,Ishaan C.,"Phulkari Dupatta, Mustard",Clothing,Dupattas,1,899
2026-09-09 19:15,ORD5617,C1295,Ishaan C.,Pearl Drop Earrings,Jewellery,Earrings,1,599
2026-09-09 19:17,ORD5611,C1007,Sameer N.,"Chikankari Kurta, White",Clothing,Kurtas,1,1899
2026-09-09 19:29,ORD5615,C1040,Nidhi S.,"Jasmine Body Mist, 100 ml",Fragrance,Perfumes,1,799
2026-09-09 19:39,ORD5621,C1299,Lavanya G.,"Cotton Kurta, Indigo",Clothing,Kurtas,1,1299
2026-09-09 19:39,ORD5621,C1299,Lavanya G.,Brass Kada,Jewellery,Bangles,1,549
2026-09-09 19:41,ORD5620,C1298,Sneha P.,Pearl Drop Earrings,Jewellery,Earrings,1,599
2026-09-09 20:21,ORD5612,C1017,Meera T.,"Block Print Kurta, Rust",Clothing,Kurtas,1,1499
2026-09-09 21:21,ORD5614,C1026,Rohan B.,Oxidised Jhumkas,Jewellery,Earrings,2,898
2026-09-09 21:26,ORD5616,C1294,Nikhil D.,"Cotton Kurta, Indigo",Clothing,Kurtas,1,1299
2026-09-09 21:32,ORD5619,C1297,Shreya K.,"Handloom Saree, Maroon",Clothing,Sarees,1,3499
2026-09-09 22:49,ORD5613,C1025,Farah B.,Glass Bangle Set,Jewellery,Bangles,1,349
2026-09-10 12:05,ORD5623,C1300,Zoya M.,"Phulkari Dupatta, Mustard",Clothing,Dupattas,1,899
2026-09-10 17:34,ORD5627,C1304,Kiara D.,"Phulkari Dupatta, Mustard",Clothing,Dupattas,1,899
2026-09-10 17:34,ORD5627,C1304,Kiara D.,"Jasmine Body Mist, 100 ml",Fragrance,Perfumes,1,799
2026-09-10 19:39,ORD5625,C1302,Rohan B.,"Sandalwood Eau de Parfum, 50 ml",Fragrance,Perfumes,1,1299
2026-09-10 20:56,ORD5622,C1024,Rohan N.,Glass Bangle Set,Jewellery,Bangles,2,698
2026-09-10 21:02,ORD5624,C1301,Yashika R.,"Linen Co-ord Set, Sage",Clothing,Co-ord sets,1,2199
2026-09-10 21:39,ORD5626,C1303,Nikhil B.,Kundan Studs,Jewellery,Earrings,2,798
2026-09-11 14:18,ORD5628,C1083,Vanya A.,Brass Kada,Jewellery,Bangles,1,549
2026-09-11 17:27,ORD5631,C1307,Nikhil G.,Oxidised Jhumkas,Jewellery,Earrings,1,449
2026-09-11 17:27,ORD5631,C1307,Nikhil G.,"Cotton Kurta, Indigo",Clothing,Kurtas,1,1299
2026-09-11 17:27,ORD5631,C1307,Nikhil G.,Pearl Drop Earrings,Jewellery,Earrings,2,1198
2026-09-11 19:37,ORD5630,C1306,Trisha D.,Glass Bangle Set,Jewellery,Bangles,1,349
2026-09-11 19:37,ORD5630,C1306,Trisha D.,"Cotton Kurta, Indigo",Clothing,Kurtas,1,1299
2026-09-11 20:33,ORD5629,C1305,Priya N.,"Chikankari Kurta, White",Clothing,Kurtas,1,1899
2026-09-11 22:18,ORD5632,C1308,Ananya J.,"Linen Co-ord Set, Sage",Clothing,Co-ord sets,1,2199
2026-09-12 12:29,ORD5641,C1312,Aarav B.,Silver Choker,Jewellery,Necklaces,1,899
2026-09-12 14:38,ORD5633,C1010,Yashika S.,Glass Bangle Set,Jewellery,Bangles,2,698
2026-09-12 14:46,ORD5638,C1309,Naina C.,"Handloom Saree, Maroon",Clothing,Sarees,1,3499
2026-09-12 17:45,ORD5642,C1146,Divya B.,"Mogra Attar, 6 ml",Fragrance,Attars,1,549
2026-09-12 19:14,ORD5644,C1314,Ananya S.,"Cotton Kurta, Indigo",Clothing,Kurtas,1,1299
2026-09-12 19:14,ORD5644,C1314,Ananya S.,Glass Bangle Set,Jewellery,Bangles,1,349
2026-09-12 19:14,ORD5644,C1314,Ananya S.,"Chikankari Kurta, White",Clothing,Kurtas,1,1899
2026-09-12 19:25,ORD5645,C1315,Simran T.,"Block Print Kurta, Rust",Clothing,Kurtas,1,1499
2026-09-12 19:26,ORD5643,C1313,Rhea J.,"Handloom Saree, Maroon",Clothing,Sarees,1,3499
2026-09-12 19:26,ORD5643,C1313,Rhea J.,Brass Kada,Jewellery,Bangles,1,549
2026-09-12 19:26,ORD5643,C1313,Rhea J.,Oxidised Jhumkas,Jewellery,Earrings,2,898
2026-09-12 20:42,ORD5640,C1311,Sakshi T.,"Phulkari Dupatta, Mustard",Clothing,Dupattas,1,899
2026-09-12 20:56,ORD5637,C1032,Mehak C.,Glass Bangle Set,Jewellery,Bangles,1,349
2026-09-12 21:02,ORD5634,C1017,Meera T.,"Cotton Kurta, Indigo",Clothing,Kurtas,1,1299
2026-09-12 21:02,ORD5634,C1017,Meera T.,"Bandhani Dupatta, Pink",Clothing,Dupattas,1,699
2026-09-12 21:22,ORD5639,C1310,Ira G.,Kundan Studs,Jewellery,Earrings,1,399
2026-09-12 21:22,ORD5639,C1310,Ira G.,"Cotton Kurta, Indigo",Clothing,Kurtas,1,1299
2026-09-12 21:22,ORD5639,C1310,Ira G.,Brass Kada,Jewellery,Bangles,1,549
2026-09-12 21:25,ORD5636,C1028,Ira P.,Adjustable Silver Ring,Jewellery,Rings,1,299
2026-09-12 21:49,ORD5635,C1022,Anjali G.,Glass Bangle Set,Jewellery,Bangles,1,349
2026-09-13 14:13,ORD5648,C1316,Tanvi S.,Adjustable Silver Ring,Jewellery,Rings,1,299
2026-09-13 14:44,ORD5654,C1320,Tanvi S.,Pearl Drop Earrings,Jewellery,Earrings,1,599
2026-09-13 17:05,ORD5655,C1321,Nikhil G.,"Bandhani Dupatta, Pink",Clothing,Dupattas,1,699
2026-09-13 20:11,ORD5652,C1319,Divya P.,"Mogra Attar, 6 ml",Fragrance,Attars,1,549
2026-09-13 21:00,ORD5651,C1318,Meera G.,Oxidised Jhumkas,Jewellery,Earrings,1,449
2026-09-13 21:15,ORD5647,C1038,Rahul B.,Brass Kada,Jewellery,Bangles,1,549
2026-09-13 21:21,ORD5650,C1265,Radhika P.,"Cotton Kurta, Indigo",Clothing,Kurtas,1,1299
2026-09-13 21:21,ORD5653,C1263,Nikhil V.,Pearl Drop Earrings,Jewellery,Earrings,1,599
2026-09-13 21:49,ORD5656,C1322,Aditi M.,"Phulkari Dupatta, Mustard",Clothing,Dupattas,3,2697
2026-09-13 22:04,ORD5649,C1317,Vihaan M.,Glass Bangle Set,Jewellery,Bangles,2,698
2026-09-13 22:35,ORD5646,C1032,Mehak C.,"Linen Saree, Olive",Clothing,Sarees,1,2799
2026-09-14 17:42,ORD5661,C1324,Ishaan N.,Pearl Drop Earrings,Jewellery,Earrings,2,1198
2026-09-14 19:06,ORD5657,C1040,Nidhi S.,"Cotton Kurta, Indigo",Clothing,Kurtas,1,1299
2026-09-14 20:09,ORD5658,C1203,Anjali P.,Adjustable Silver Ring,Jewellery,Rings,1,299
2026-09-14 20:38,ORD5660,C1323,Zoya M.,"Linen Co-ord Set, Sage",Clothing,Co-ord sets,1,2199
2026-09-14 20:38,ORD5660,C1323,Zoya M.,"Jasmine Body Mist, 100 ml",Fragrance,Perfumes,1,799
2026-09-14 20:59,ORD5662,C1325,Saanvi A.,"Jasmine Body Mist, 100 ml",Fragrance,Perfumes,2,1598
2026-09-14 21:26,ORD5659,C1047,Anjali D.,Glass Bangle Set,Jewellery,Bangles,2,698
2026-09-15 10:10,ORD5671,C1329,Kavya B.,Kundan Studs,Jewellery,Earrings,1,399
2026-09-15 17:14,ORD5669,C1167,Uma R.,"Chikankari Kurta, White",Clothing,Kurtas,1,1899
2026-09-15 19:35,ORD5664,C1036,Trisha C.,Brass Kada,Jewellery,Bangles,2,1098
2026-09-15 19:35,ORD5664,C1036,Trisha C.,"Sandalwood Eau de Parfum, 50 ml",Fragrance,Perfumes,1,1299
2026-09-15 20:03,ORD5663,C1028,Ira P.,"Mogra Attar, 6 ml",Fragrance,Attars,1,549
2026-09-15 20:03,ORD5663,C1028,Ira P.,"Oud Attar, 6 ml",Fragrance,Attars,1,899
2026-09-15 20:24,ORD5667,C1326,Sakshi S.,"Rose Attar, 6 ml",Fragrance,Attars,2,998
2026-09-15 20:24,ORD5667,C1326,Sakshi S.,"Phulkari Dupatta, Mustard",Clothing,Dupattas,1,899
2026-09-15 20:24,ORD5667,C1326,Sakshi S.,"Mogra Attar, 6 ml",Fragrance,Attars,1,549
2026-09-15 20:36,ORD5668,C1327,Tara C.,"Linen Co-ord Set, Sage",Clothing,Co-ord sets,1,2199
2026-09-15 20:49,ORD5665,C1037,Meera K.,"Bandhani Dupatta, Pink",Clothing,Dupattas,1,699
2026-09-15 20:52,ORD5666,C1135,Mehak K.,Kundan Studs,Jewellery,Earrings,2,798
2026-09-15 20:57,ORD5672,C1330,Vanya J.,Oxidised Jhumkas,Jewellery,Earrings,2,898
2026-09-15 21:54,ORD5670,C1328,Isha K.,Pearl Drop Earrings,Jewellery,Earrings,1,599
2026-09-16 17:58,ORD5676,C1332,Shreya J.,Glass Bangle Set,Jewellery,Bangles,2,698
2026-09-16 17:58,ORD5676,C1332,Shreya J.,Oxidised Jhumkas,Jewellery,Earrings,1,449
2026-09-16 20:43,ORD5678,C1334,Sameer G.,Oxidised Jhumkas,Jewellery,Earrings,1,449
2026-09-16 21:08,ORD5674,C1331,Vihaan R.,Oxidised Jhumkas,Jewellery,Earrings,1,449
2026-09-16 21:08,ORD5674,C1331,Vihaan R.,Kundan Studs,Jewellery,Earrings,2,798
2026-09-16 21:47,ORD5673,C1032,Mehak C.,Pearl Drop Earrings,Jewellery,Earrings,1,599
2026-09-16 21:47,ORD5673,C1032,Mehak C.,"Phulkari Dupatta, Mustard",Clothing,Dupattas,1,899
2026-09-16 21:51,ORD5677,C1333,Isha C.,"Chikankari Kurta, White",Clothing,Kurtas,1,1899
2026-09-16 21:51,ORD5677,C1333,Isha C.,Pearl Drop Earrings,Jewellery,Earrings,3,1797
2026-09-16 21:51,ORD5677,C1333,Isha C.,"Linen Co-ord Set, Sage",Clothing,Co-ord sets,1,2199
2026-09-16 22:42,ORD5675,C1054,Trisha R.,"Block Print Kurta, Rust",Clothing,Kurtas,1,1499
2026-09-16 22:42,ORD5675,C1054,Trisha R.,Pearl Drop Earrings,Jewellery,Earrings,2,1198
2026-09-17 12:14,ORD5686,C1338,Yashika V.,"Handloom Saree, Maroon",Clothing,Sarees,1,3499
2026-09-17 12:14,ORD5686,C1338,Yashika V.,Kundan Studs,Jewellery,Earrings,2,798
2026-09-17 14:14,ORD5680,C1022,Anjali G.,"Chikankari Kurta, White",Clothing,Kurtas,1,1899
2026-09-17 19:42,ORD5683,C1335,Avni M.,"Temple Necklace, Gold-tone",Jewellery,Necklaces,1,1299
2026-09-17 19:54,ORD5685,C1337,Sakshi D.,Oxidised Jhumkas,Jewellery,Earrings,1,449
2026-09-17 19:54,ORD5685,C1337,Sakshi D.,"Mogra Attar, 6 ml",Fragrance,Attars,3,1647
2026-09-17 20:04,ORD5679,C1012,Sneha N.,"Linen Saree, Olive",Clothing,Sarees,1,2799
2026-09-17 20:08,ORD5682,C1036,Trisha C.,Glass Bangle Set,Jewellery,Bangles,1,349
2026-09-17 20:08,ORD5682,C1036,Trisha C.,Kundan Studs,Jewellery,Earrings,1,399
2026-09-17 20:18,ORD5684,C1336,Radhika R.,"Phulkari Dupatta, Mustard",Clothing,Dupattas,1,899
2026-09-17 20:21,ORD5681,C1029,Rhea G.,Oxidised Jhumkas,Jewellery,Earrings,1,449
2026-09-17 20:21,ORD5681,C1029,Rhea G.,"Linen Saree, Olive",Clothing,Sarees,1,2799
2026-09-17 20:21,ORD5681,C1029,Rhea G.,"Jasmine Body Mist, 100 ml",Fragrance,Perfumes,2,1598
2026-09-17 20:25,ORD5687,C1339,Shreya G.,"Linen Saree, Olive",Clothing,Sarees,1,2799
2026-09-18 12:28,ORD5693,C1342,Zoya G.,"Block Print Kurta, Rust",Clothing,Kurtas,1,1499
2026-09-18 12:28,ORD5693,C1342,Zoya G.,"Rose Attar, 6 ml",Fragrance,Attars,1,499
2026-09-18 19:19,ORD5694,C1343,Rahul J.,Kundan Studs,Jewellery,Earrings,1,399
2026-09-18 20:08,ORD5689,C1029,Rhea G.,"Rose Attar, 6 ml",Fragrance,Attars,1,499
2026-09-18 20:12,ORD5688,C1017,Meera T.,Pearl Drop Earrings,Jewellery,Earrings,1,599
2026-09-18 20:20,ORD5691,C1340,Sneha A.,Pearl Drop Earrings,Jewellery,Earrings,3,1797
2026-09-18 20:32,ORD5697,C1345,Pari K.,Attar Discovery Set,Fragrance,Gift sets,1,1199
2026-09-18 20:32,ORD5697,C1345,Pari K.,"Bandhani Dupatta, Pink",Clothing,Dupattas,1,699
2026-09-18 20:57,ORD5696,C1344,Tara S.,Glass Bangle Set,Jewellery,Bangles,3,1047
2026-09-18 21:32,ORD5695,C1104,Sana C.,Silver Choker,Jewellery,Necklaces,1,899
2026-09-18 21:32,ORD5695,C1104,Sana C.,"Handloom Saree, Maroon",Clothing,Sarees,1,3499
2026-09-18 22:24,ORD5692,C1341,Anjali N.,"Rose Attar, 6 ml",Fragrance,Attars,1,499
2026-09-18 22:59,ORD5690,C1037,Meera K.,"Jasmine Body Mist, 100 ml",Fragrance,Perfumes,3,2397
2026-09-19 12:18,ORD5706,C1349,Kiara K.,"Rose Attar, 6 ml",Fragrance,Attars,1,499
2026-09-19 12:29,ORD5708,C1350,Mehak D.,Adjustable Silver Ring,Jewellery,Rings,2,598
2026-09-19 12:57,ORD5702,C1249,Vidya B.,Silver Choker,Jewellery,Necklaces,1,899
2026-09-19 19:09,ORD5701,C1347,Rhea K.,Oxidised Jhumkas,Jewellery,Earrings,1,449
2026-09-19 20:08,ORD5707,C1073,Vidya S.,Kundan Studs,Jewellery,Earrings,1,399
2026-09-19 20:08,ORD5707,C1073,Vidya S.,"Linen Co-ord Set, Sage",Clothing,Co-ord sets,1,2199
2026-09-19 20:16,ORD5699,C1028,Ira P.,"Chikankari Kurta, White",Clothing,Kurtas,1,1899
2026-09-19 20:59,ORD5704,C1148,Simran J.,Kundan Studs,Jewellery,Earrings,1,399
2026-09-19 21:06,ORD5703,C1348,Isha V.,"Temple Necklace, Gold-tone",Jewellery,Necklaces,1,1299
2026-09-19 21:41,ORD5700,C1346,Sneha S.,"Linen Saree, Olive",Clothing,Sarees,1,2799
2026-09-19 22:22,ORD5705,C1273,Yashika G.,"Linen Saree, Olive",Clothing,Sarees,1,2799
2026-09-19 22:22,ORD5705,C1273,Yashika G.,"Temple Necklace, Gold-tone",Jewellery,Necklaces,1,1299
2026-09-19 22:45,ORD5698,C1023,Vidya G.,Oxidised Jhumkas,Jewellery,Earrings,1,449
2026-09-19 22:45,ORD5698,C1023,Vidya G.,"Jasmine Body Mist, 100 ml",Fragrance,Perfumes,1,799
2026-09-19 22:45,ORD5698,C1023,Vidya G.,"Bandhani Dupatta, Pink",Clothing,Dupattas,2,1398
2026-09-20 12:04,ORD5713,C1354,Pooja K.,"Jasmine Body Mist, 100 ml",Fragrance,Perfumes,2,1598
2026-09-20 12:57,ORD5717,C1349,Kiara K.,Brass Kada,Jewellery,Bangles,1,549
2026-09-20 17:49,ORD5711,C1352,Ira K.,Kundan Studs,Jewellery,Earrings,1,399
2026-09-20 17:49,ORD5711,C1352,Ira K.,"Jasmine Body Mist, 100 ml",Fragrance,Perfumes,1,799
2026-09-20 19:25,ORD5715,C1355,Priya R.,Silver Choker,Jewellery,Necklaces,1,899
2026-09-20 19:35,ORD5710,C1351,Arjun S.,Brass Kada,Jewellery,Bangles,1,549
2026-09-20 19:35,ORD5710,C1351,Arjun S.,"Linen Saree, Olive",Clothing,Sarees,1,2799
2026-09-20 20:45,ORD5716,C1275,Mehak S.,Adjustable Silver Ring,Jewellery,Rings,2,598
2026-09-20 21:24,ORD5714,C1274,Farah C.,Glass Bangle Set,Jewellery,Bangles,1,349
2026-09-20 21:57,ORD5712,C1353,Diya T.,Brass Kada,Jewellery,Bangles,1,549
2026-09-20 22:16,ORD5709,C1040,Nidhi S.,"Cotton Kurta, Indigo",Clothing,Kurtas,1,1299
2026-09-20 22:16,ORD5709,C1040,Nidhi S.,Glass Bangle Set,Jewellery,Bangles,1,349
2026-09-20 22:16,ORD5709,C1040,Nidhi S.,Oxidised Jhumkas,Jewellery,Earrings,1,449
2026-09-21 10:30,ORD5721,C1262,Farah K.,Oxidised Jhumkas,Jewellery,Earrings,1,449
2026-09-21 12:03,ORD5719,C1038,Rahul B.,"Block Print Kurta, Rust",Clothing,Kurtas,1,1499
2026-09-21 17:25,ORD5724,C1291,Avni D.,"Mogra Attar, 6 ml",Fragrance,Attars,1,549
2026-09-21 17:25,ORD5724,C1291,Avni D.,"Rose Attar, 6 ml",Fragrance,Attars,1,499
2026-09-21 17:58,ORD5726,C1359,Vanya T.,Brass Kada,Jewellery,Bangles,3,1647
2026-09-21 19:58,ORD5720,C1044,Vihaan S.,Brass Kada,Jewellery,Bangles,1,549
2026-09-21 20:12,ORD5718,C1022,Anjali G.,"Rose Attar, 6 ml",Fragrance,Attars,1,499
2026-09-21 21:10,ORD5722,C1356,Arjun A.,"Oud Attar, 6 ml",Fragrance,Attars,1,899
2026-09-21 21:39,ORD5723,C1357,Manya J.,"Rose Attar, 6 ml",Fragrance,Attars,1,499
2026-09-21 22:26,ORD5725,C1358,Simran C.,Kundan Studs,Jewellery,Earrings,1,399
