email,password,plan
demo@cafex.com,pbkdf2$8ceaef3abf1be72273b0aee38d661324$3e4010049a3845f4336e41e64eff9854a6564b6c1b53b1c052a3b4f65687d04d,free
smoketest@cafex.com,pbkdf2$270efa8594496ef86390827f50b01f89$d36cdb8ba12dba7b1fd160d16303428df8751b7dbe6d25b2732be3617252101a,free
smoketest2@cafex.com,pbkdf2$21db95348a515abcbbee5b3b6cb22871$a0b139d5e9a7d1f1bc97ad55a846f0244d32c3a45ad6a32f03f063af8b180866,free
seller@test.com,pbkdf2$cd7973602b3b3e542154974b61ca4a11$8932377d93983de538476d2ac595acb4f0109dc69020bea51f0a497b6921d80b,free
seller2@test.com,pbkdf2$070499e37d3637586acc648ee92044c4$f4bb6fa52ea8dba15b060cb70ff865c47697141044269ce26a0b5f15ea9bc7e4,free
pw_9c2b96a5@test.com,pbkdf2$a031f3f9768a27076029cb357433db7c$12b133d1bcfd86f8ca25de7df4747840beffee21d43dfee3317217d8a7fb5f73,free
pw_a3b4bc89@test.com,pbkdf2$843c974abbcb041ad24c678d902f79e7$f89b5a8294aa555cb650c3e3d183382673bc3525b5b3e08b6d92f897adfb76db,free
pw_e4818268@test.com,pbkdf2$096586d7ef91e1fd8f2176cfa58128c7$c3aaa8f5ee13a151a8ff8cc29740d3b8475b985d45236c36f8840cbb65641c0d,free
int_f91a1d64@t.com,pbkdf2$1d43ce6ad214641478b025c83bb27b9b$f0f66ae70a5b40227c2774e49f61b477f455fa335a74dec94034a16a3e2de6fe,free
pwt_57e3e8c2@t.com,pbkdf2$24a482f4d425a9e19fcf3ae01e355806$270b4d41718c963e2236f97465eb3299f7e86ba5d3e589416f0c7081dff9df1e,free
up_2544aa32@t.com,pbkdf2$ab1e83c59021952ea1064edae3396978$df2c39fc74d3b330c69b62bf52e5f231bbaf7b42adba979b9dfa2c204d26cca2,free
oa_6dbb3ea5@t.com,pbkdf2$0c2d4d1a7be0b2235571442b689d939f$fd5abee5a6c8584f1c35c6d02fef9f87dcdfd13da5db5d7655b523b8a0ebabdc,free
oa_2aa43f45@t.com,pbkdf2$e144b7b53c8bf7d39d8c1ca61de2051b$0cd5bca40393b841b17d8c611ee463247667d6b920b37d617c43ac38502b5acb,free
perfdb6a0d@x.com,pbkdf2$d2afdccd7a957a0d286760ef091a1093$d3bc6a6fd81548b7b74c0d67affc581f0c9bce1471e516e2213c49e8c5de8e59,free
mkfresh1788961367929@t.co,pbkdf2$dcf0a9aa1b7d50c8ad499cc310cae551$a24770c056106bc4d3f8e2dfd2f7d21c2e6ddbe94fea1d590636080f1f6e02d5,free
mkrisk1788961368144@t.co,pbkdf2$b57dc9e82783bdab4534b65828b33690$02b3219d62335fb3eb59698db9fdabd912f42d1896456a1b2632696fee8578d1,free
fest1788963220106@t.co,pbkdf2$aabc761291a1f8774efe55b46264cfa7$9e97d5250c59bc0f81fad1153d36425945defbea3dc40e57f743a0a76ab781a1,free
an1788963227831@t.co,pbkdf2$e7312a4a1c10617c5c8e8beaeca7faa3$009698be4894ee96631e2a20c88f36e7048939148646830019e835973dfba23a,free
mix1788963228617@t.co,pbkdf2$70e039cce905a54b897246709d749005$d97e8c3f096d1b79230a026f9a01a02c0d73aec8f3d3e060e68c539cd94b8cb3,free
mkfresh1788963232544@t.co,pbkdf2$613e5544db526e265cf0342e98277577$77e754db996c11e6f21e8a49836615c1b2746a39ac6ff3855517dce8584a8aa0,free
mkrisk1788963232759@t.co,pbkdf2$ca3822431b79828a6a65db61c2027d64$5b89c6704d3c8d734d59165f5e3bb3294727eaaeb7e739aae9bc73633762b526,free
perf1788963241379@t.co,pbkdf2$dd9e3ec94e81607df23ddd5af0bde423$374aadbc649bbced6aa61b5518653254a7195cdd39935a1d505bb4cecd8320da,free
soc1788963245848@t.co,pbkdf2$8132eb4ec796d15b89c1f5d8e3c1cbbc$67d21231681e1b8d8efbc73300c3253a637dbb66cae99340b8768f82c35b4309,free
soc1788965261695@t.co,pbkdf2$5cd12e6d9587188d5a20072668d55540$464d59bb901d142a0e274f91315d2570c06e6a791464b69cbdf6550e7d4e0ab2,free
sched1788965262780@t.co,pbkdf2$ebdc8ebeaf72dfae0ca18e8a914dda52$b784225f1e11038c18f2c030eb3ac3545efe3980481ccf432e670a1dcd88be58,free
fest1788965269179@t.co,pbkdf2$8dd55a3885bd51a666622498079a9e3e$38bde9542ec06a8735ef686bf4bc477fa707a6c39a6508431e8436563cc0611b,free
mkfresh1788965276321@t.co,pbkdf2$5016481a2a0a77d68492009b1c7ef7cd$77ea678810bdb229980aa310a56afcfe6435468f4af316add8fcb8722737a44b,free
mkrisk1788965276597@t.co,pbkdf2$28c2432747e3069fad9983f99e2c7992$fbc8377bdc3f9be0e17a921c10b2b802e5b86229e8187a1af881e21eb500fa3b,free
an1788965289780@t.co,pbkdf2$363b5411e3e2ec82d1fed98661184919$a483c7a1a43fc1e9b0b6fbd800059ac3ca9e0a3a94d2c6a359054abfcccf2aee,free
mix1788965290814@t.co,pbkdf2$d76f769f8f7a065614998b1f3d7a729c$dc8279fd1b6250aa377338930a9288a96647626aeb5e8c10fb682378df5f653d,free
perf1788965296310@t.co,pbkdf2$094b4d769830d80f8ddcdb61704696bd$32b52c6956eba6950d5f2c8683c0222fd72b228a7e87f90d7ead5e03a712a56d,free
fest1788977843396@t.co,pbkdf2$7a286b4be52b3c8f7195d2b84af31989$21cc23b1a1a275bf29f9da71e73711fea871c43c59d71c84c879be00d2de1006,free
story1788977843701@t.co,pbkdf2$c3df475d75fd107ad7c392d8b44adef6$bde7867b71efd746838beacc9789895e6ed50d5f60ceaec80bfcbbf557a09577,free
soc1788977847116@t.co,pbkdf2$58b80bb15344e8c84590276b3aad98d3$432423222386ceb79070c681847a14c4b38f8b944811d32f8a8d4e512ba8ea36,free
sched1788977847350@t.co,pbkdf2$58e211dc2e5696d4f832f835961fd3c1$cd1434edd3a3b89e5dfbbeb105f3e9a0359d04a01b0b95ee498e142520ccd556,free
an1788977850504@t.co,pbkdf2$8b5b57161174b0ba1da85c3159eb6c90$64becef28516a35183c83eda2c69c76f85115f6afa4c0a16bdf874fef2fd5262,free
mix1788977850853@t.co,pbkdf2$23206ed78f1a9cffc2114971fa7dcafa$626fed0120c91bc9570795288acbf02984c92d0bb3d8c72a89a337d8090e8a55,free
mkfresh1788977859615@t.co,pbkdf2$25369ce9aaee555543fefca1dbc5b2fc$238d92651d67a8ad5580d728ca3cbe2cf4fdceb36c51fb2f9801749b81057f48,free
mkrisk1788977859787@t.co,pbkdf2$33d633a1c8b66c02ca24463d670f7e43$79313a54219d04646db96a3d74e2755c89115a3613fe4dedb912f7632bf350e1,free
perf1788977863131@t.co,pbkdf2$19d80fe957daf2fcfff07744fba57ee8$756e8ffb1c4827058b38f2a103623be82944ca6b65e192bc75384f98f10f706f,free
perf1788978547750@t.co,pbkdf2$570595ca645fee4e16fb83e622f51f76$f6f866185bba7c147b1b9ad61ba38391a9497bf81b7df5a18a38ec1624453f0a,free
warm1788978548078@t.co,pbkdf2$7e1592193cddfbcd08de6bda0bd8432c$4cb080812a3fa3ef531077881db1b588128d8aa4d0ffd561588debe1487fd8d3,free
fest1788978551851@t.co,pbkdf2$4d3ee55f3d778299437317107a5e3a4f$3f96e344f1a985da1c52c0dc3028daedbd11ccc934747bcca42b03f128c13cf4,free
story1788978552124@t.co,pbkdf2$e59c495f4d2be9e5b366810a80f21624$b9833c0854e92d06ba6b69429de11fec14a601552f1b40305aa739c52f301af2,free
soc1788978555793@t.co,pbkdf2$489053153603f461d104c2cc08972541$b66d8213473f462d672feb8f318ed6cc79adad6cc350b58601bc3deec574f62e,free
sched1788978556033@t.co,pbkdf2$9d61085493bc04246c0665abf268a551$eff93c5b6c1940ed33372ec52bbac14208da1ef9fc0d6491afbb5cadcf3b61ff,free
an1788978559245@t.co,pbkdf2$51ce7c860faa279e171fadc5fc54c3a9$982816dbf02d7ddcbe08c2540a46e266716ebccaf324e09f517f1e74dd964fed,free
mix1788978559577@t.co,pbkdf2$708bf5443aa2b3f7311dfa51beba5394$b834d69039db6a6f1a4330f5493a17edb118cf15d77f63b86e3ce9fe85fa3152,free
mkfresh1788978568446@t.co,pbkdf2$e2a8985a1930733887bda0e082d7b24e$13c8415d23ff283178b7f89813f41d13049eb99ded8124f7e4dad2194ea00889,free
mkrisk1788978568668@t.co,pbkdf2$78ed0e937ea8ebd49d11d6aeb0a1a5c4$d5888d9db815ccab08540d23214b5dba3fa305fca98fa2746873313813e6c173,free
perf1788979345542@t.co,pbkdf2$b8fa9085710a9a60b2ecdce290ace060$8d8f3fbc4b73eede45c3f0cf123aa932d5c9d5aa46f23d230b20695aefc11253,free
warm1788979345974@t.co,pbkdf2$67f8b247c76a91f5897ef156e90fd122$3abf8e76990a43be66f03666b4c811c5c4ecec374f0660317259b73224ce899c,free
fest1788979350876@t.co,pbkdf2$b9ec1f950b918dfeab58e9a2fffbc040$68e97658ff9f508bb5c3059998efb3410808de9ea871b88c29ff724b432bb19e,free
story1788979351204@t.co,pbkdf2$c224d9f62b77357d38f330ff69629d51$6775a40370a7f43d3c76ea558ca0c7c0e0e0fb4a856f111b2a28b81d55a01a7e,free
soc1788979355934@t.co,pbkdf2$a4086882b8604d31d1920b001708ee67$ff6aac735ab8777676a918a8507714b7aff5b5ac9471940fa8684aaffe736e94,free
sched1788979356251@t.co,pbkdf2$0cb35ef8a2397e29f9f5efb3e42dafa9$e23a50ab1bf0f3d31feb64542b338e6e0d837e48ae6aa643be3bf2e897856b18,free
mkfresh1788979362476@t.co,pbkdf2$2a1c533fafb40985c564b1ad36a0537a$a4bf7c2ee4b263da8f90c405ca1c3161cbd99932770dfd3c82c9b4ff01718e06,free
mkrisk1788979362660@t.co,pbkdf2$6449e84c2c7ca36b545119ec6308bebc$864a706176e30c81036b2a412a4c352a9e606c043e47fc9bbb9f0bff4b19f6ac,free
an1788979367397@t.co,pbkdf2$e9d222739a6e63afed3e5d3a7e6fec1c$ac4110ce4e7588257536d89c46e4f27a708cfbdf790b18419174a26623443db4,free
mix1788979368013@t.co,pbkdf2$c14ac2e152c3580f4295026c6a04ab9d$93bec1bf136df177f225c883af31ed888c0eacf08dbf3e56539a2e0c19a41b1f,free
fest1788979655151@t.co,pbkdf2$84ef846b597f767f37caa7b84485fd1f$3d4aa593249e29868e2263b60978e76bbc6f4fda8e1365efa369d96e7feed986,free
story1788979655531@t.co,pbkdf2$5900045375657daa399cb56f98a3853c$cb6e7b172c49d155a80e09bb1cd090bbe5bf2d1c9240eac30b812b7f0854683a,free
vid1788979655751@t.co,pbkdf2$186839bbb5c279ae8f1083e76cdd9ac4$eef6b512fff2a3b944484b7e71d6c8c9fd157203dcf351bd450450b46ac6b0f2,free
perf1788979659852@t.co,pbkdf2$61c863a01967290da5651c0545ae5d42$3ef29f17feeb2c2f87d08800a98e7ffcb575939fb4e0006e61241632b1b7c0e1,free
warm1788979660149@t.co,pbkdf2$f1e8e927d0f2d6701840b1705c5dfb94$b7b4040807b322d695d732585c4b3b44d14edb1cce0a71c8dcf03ab63b9cf515,free
soc1788979664154@t.co,pbkdf2$0467fedcf6b12a5736c0dc8f8dcd8cbc$9db903f755c5e699b240465a879acf4db4036c2e92533c0fe98d883182944ee8,free
sched1788979664431@t.co,pbkdf2$5c3fc631b05be4e62ed4374b3abf6062$f5ee67a04b2ec3bd9c396a6f99c25c8a738708752a65478eb9dca585269329c4,free
mkfresh1788979669787@t.co,pbkdf2$940037093f8fff3e6a2bf3e015a4f821$4ed3faa4df6092a0a186e9936711a06ef050ed4de90ebf14f23727cd726b1502,free
mkrisk1788979670011@t.co,pbkdf2$985f26fbf138a4e2716c830d8975661b$a4d03549935b36568f6b6d76cbfe309da9a94a0a9d89bc581fd9d8bd75b6d73e,free
an1788979674106@t.co,pbkdf2$2f6d56c4485061a89b58365caabd2ec3$516f41ca4c72e894df211d8d8938677e492606d56280d6a80f383eca11af79dc,free
mix1788979674530@t.co,pbkdf2$a7a6d067bf3cd415d6a4bcd72452b5e9$fdb3e0cdbba7d48e0b80ceac9cb948ebf0c29ecb9d73c0e040982aa2eb430be6,free
perf1788980075306@t.co,pbkdf2$b23b94ee6b7208f74ed2c592439824e9$30e3ef055b6661a6adbffaf4a3dd326bb908fe4ffae1244de86c0f8ec7e1451d,free
warm1788980075820@t.co,pbkdf2$5619443cfaf0ab11f51351acf71d073e$6a33087db9ad4a0cab1061d24eb5b0c74736fa17f587e652dea806e4a7d2f0fc,free
fest1788980080602@t.co,pbkdf2$85511cdc88227b700b366caf06f9d13a$db6d017d15d18d73b921f465cb03bef275faf2544a2769fcb07a487a6de036bb,free
story1788980080931@t.co,pbkdf2$d78bcc301ac57b7aa64c10d5c0907fff$b9ca7840e557ad59b32aedae43ce8b64eb7f736d7ba966db0560ed6d042c29e3,free
vid1788980081148@t.co,pbkdf2$4126f4a791a182bdaf75e41532fc00f1$3a14cdd16a16f562a445ae0c5ac762ef0024c88fe669fb265c073f8bfc1b36fc,free
soc1788980085066@t.co,pbkdf2$5a950911d06420f85e15a9c450c979a9$3a59377b48a78dbb9a1e3e820375d1cc5721bb0643fcaf7677111ab0e55a5fa6,free
sched1788980085373@t.co,pbkdf2$40c2ec2ae198c196fd5da76a8c208ef6$53f07c04b36a936a673c13daf781641c129a22ed5d83cb6236c484799fd66fc6,free
fest1788981062770@t.co,pbkdf2$73c2c72229c15d0f6a64fc9cfeeee909$2642cebd7ab7f134caa37336d31f780bc6c73c5f011e25e90b8b631af456d353,free
story1788981063150@t.co,pbkdf2$edf5bbddd3361652260bd639a80afebc$4680698c0919cf31a022dd17a53ed05c0e2b42e6e31912519fb78a68944112eb,free
vid1788981063340@t.co,pbkdf2$62f0b1e9b90abb926cd3693c95917645$d78e2f49798bc751df504d78bdbe714e9950e286d7612d51b0d2a93dd7d9b1e8,free
perf1788981068330@t.co,pbkdf2$422b4756a8d9fc64f069e3b570928966$c898b2d5153687aea37c01e97ae440bb8cc66987c78a9f2231f7ccea6271f5d1,free
warm1788981068594@t.co,pbkdf2$4fb316c7182f2fd6a86c53486a3230d0$8cf8796cb61ba377a9582143e699da8ad059fe892114cfcba09a62542082b66b,free
soc1788981072228@t.co,pbkdf2$943e935a36511983a1988a13abccae90$67ed7f92f41a26fad9dbce2eaa8f05ac090054db98c97d8685157ff271c7382c,free
sched1788981072508@t.co,pbkdf2$dabbebc8a5e201b3da9381cc5773d5c5$ffa1abff068a4dab510c815cbb57503f3faf8e63b46f861fa7d9e8a0e9dfb2b3,free
an1788981076036@t.co,pbkdf2$20f25961453753caf5ad611522b57af4$f7b6f9c17f1fdf25bc813b5d96d68bcdca4c293bf0e5f8e07e4495711b2def19,free
mix1788981076421@t.co,pbkdf2$da6644f69e11b46ac639eb97797b69ef$679cd6526d265a647fb464c5f36062f6f03c766f5ee2ec576fe332fcc9c54062,free
mkfresh1788981080253@t.co,pbkdf2$6cb4714a8572ee5eedd78cc818d01a5e$e3dd2b2a69103b15b30e62a82acfb9735aaa3b75c8f7c40bc739be691b1eb5fd,free
mkrisk1788981080447@t.co,pbkdf2$90e5d2956904d1fc9625f86ece1f7102$202dc14c9d374ec42e125a1606d7e4203b6ab3dfabf03748b81faab5c35dc6cb,free
fest1789008296977@t.co,pbkdf2$69f51ea559322b3fbf2865c8a20334ce$d82e4423a9a43e2859afc2736f22259f105f20e2b16a81b76b2cfff06ce19607,free
story1789008297860@t.co,pbkdf2$98e7c9b34691b49694fe71090fe321be$b0de625df88d35edc2789579cae3d54f40594ed0d078084570353893d3973e2c,free
vid1789008298322@t.co,pbkdf2$dadacbbf85e84b7baeb8c4375ec6f1a1$88e4bf54f12531c98f9a1dde1d8ffc9121b77d956d508833ca5a0c36b37530cc,free
appr1789008298804@t.co,pbkdf2$474cd0a42f4f8c93c94859a208b36c34$bde1310660b8462838854aa0e466a71d76455a75d303f01f2d8f280226dca1f9,free
perf1789008303781@t.co,pbkdf2$f8df122b7fe793b5817fcd8c560c5d1f$27685b2b6f02d5f1a477052b814b338a0fc7d72ed3a47f7f68fe2ee04cac67e3,free
warm1789008304122@t.co,pbkdf2$730c39b55baf8a79e97be78cb55b210e$5d8a41ea966282e6ce2389a1f1cdcfb9590406fa64aa3c9091eb38f66d030f22,free
soc1789008308129@t.co,pbkdf2$43f2dc5c62b7314a2e24576d00f8f8dc$ee801c24f1ddac964815d1eaea7bf65b498570b844a38f4ee311537a802c9e29,free
sched1789008308431@t.co,pbkdf2$42983b68e9e41ff3b5bfe568ea6dd642$670052783269c65cc7800055f4f969379219a2c092cc60f01454a8b03a42fece,free
an1789008314080@t.co,pbkdf2$167ac6332fd84abf32b3bb79333f0691$30657f1c12f3db39f48b06003d91a4ea50c186ecfb3c06a6ef5c7b4887a4355b,free
mix1789008314590@t.co,pbkdf2$78cf74c8925b23422b42a726fd7b4116$bb387e09dd9d7939e380a812eabb605dc17a211fef1f08e2bd6040093015e03c,free
mkfresh1789008318687@t.co,pbkdf2$74a5f040bc10ca8a938c2a2572978968$6e6f7a868cfbc6e1cf79fd22105cf71074b5e32a33895272a30fc9ff1d7ee296,free
mkrisk1789008318889@t.co,pbkdf2$f4d3c4b33bde015bef17f13672791fb7$06698a0ffbb4f0e50be2ed5208e3ce4b1c7f6724f263a8e05a7df158ca105a75,free
an1789009998318@t.co,pbkdf2$472a3aaf23fefc5170b4a889a1bd3f8f$76a1db735b588c7a18279f952a673c120554f28020f7439033c8d414b56a5428,free
mix1789009998750@t.co,pbkdf2$79a42a8e251a2481c799203bfd68820e$a1e59cbdd7f4aba97c5f8972e2bbfd314aa8bb9beda1883ac49dcf97297ea52f,free
fest1789010002508@t.co,pbkdf2$d2c125e1655945a358105124fa2f07fb$69f610bfffa7da5eb0db8b0e93b6b4ab0b6842072e8adccd4b6337bacda6d8aa,free
story1789010002773@t.co,pbkdf2$c6101c3b5026058bb330b6b7865cdbfa$c1b020828a80a0ec8a3f3e2489a331a0b2c217b217253d6a0526ee07b8c71c2c,free
vid1789010002954@t.co,pbkdf2$9d0b5daa9af3dd6f01e34a382336961f$b9d95ff5311bfef9d0f3031af647f4cd6d06f020192f7987a0ba1e02f534e55c,free
appr1789010003182@t.co,pbkdf2$58c4dcc5fa87ddb69458de655ae8cd58$ecfd1e750b77fc36500f1d9d37694dbceef2dca6de81f3038a2ca6c6b953757a,free
mkfresh1789010006849@t.co,pbkdf2$7899a43f43351ab3ffefb52e2014b4fa$156732d44851c67c49b46dcb0a72d56ecb18eb7d501ec779e0fedd4d0c8b7152,free
mkrisk1789010007037@t.co,pbkdf2$93891e51df94bc5a350b5bfcf0da4e2f$24f837522960b69243bf54489033fd415c8eda0fcd01b3434ebf199b14960ac7,free
perf1789010010465@t.co,pbkdf2$3d2637d785003a65ec62e6e2818b548a$18c5d9cd2cb007afa1d9433a0576f38b273bdc5d141779580b7632c1673eec3b,free
warm1789010010748@t.co,pbkdf2$5e74a3386e4242081da64be81be35e4f$6a70f8f5f563df7a100d20ec805823244111a7fcbaca9ce64311fbf3582aa89d,free
soc1789010014066@t.co,pbkdf2$93d045b6c53dabf2cec49ae32418aad2$24a74425a55b9d642c2f66e05691ec96f2ed7575a2d99867fcca43b0ce1d80f5,free
sched1789010014313@t.co,pbkdf2$c6e66f043618c084f460f07bd596b926$4a817f5be5efd1033723a257a8ba07caf8c9cdbd61527f2cbcfcf12e68ff16c9,free
ap11789811641042@t.co,pbkdf2$600000$7bbe7c7a1eb45a8bbbe205c127b879f1$392b98971e810d15528d02a2cc2d94aa70a6dc48ec543d75f48f3657054e12b9,free
soc1789811647839@t.co,pbkdf2$600000$6383b1ba67a4b0dc3b43d01257d01543$37bb39d260a868b41bed5d8579b38b2ab72e5cf3f0a69b04acc580483438f5ef,free
fest1789811655666@t.co,pbkdf2$600000$8ff8b9809bb5b3ad01b880af4383cfb9$9193a70c4d5264d7533fe07a277883b1fecf5a10d3f10ec6ce85e6b7729e6cb2,free
ap11789811698494@t.co,pbkdf2$600000$8b83179f215adf30dc691c0c4537b279$8fd52fabadbe1f277f5d9b49205b359c4057d38a1484bbab6b0e2a3d4ada4d36,free
ap21789811699949@t.co,pbkdf2$600000$4200ca6e86aa24ed546f42a9125fd1ab$6dc0f94a895c49301a71ab6f69397b592e95356a71237f7d37ae62ac3d2845ad,free
ap31789811701308@t.co,pbkdf2$600000$8fec75d2e7dd98d46705558b43c0f525$66173628742955eaffba56d4462d1af59094254d04a7e507f5403a849362e691,free
ap41789811702624@t.co,pbkdf2$600000$3e35ad2a8c9e49b3c37551cac090c5d6$ca7cd3ce9d0b2593db4345a430f53d21c47a75aef9a678bfddf81f4ac77c4a3d,free
ap51789811704031@t.co,pbkdf2$600000$4f150b9c529c4be7981a5003e5d86886$8cfad7981e70615f6bebee582ef36bd52a72db41fe848f621bf52dde2f71f6c4,free
ap61789811705423@t.co,pbkdf2$600000$5af0993b77ba98229ec98f240087662c$97323a44ebc4e109d920073d8e5552e353e9ebbb1ebfcd88a6f4f5eb2a758bd0,free
soc1789811717435@t.co,pbkdf2$600000$4f86f07fc7d0ffbdc9c9f4e5d2dba0b3$08411e8045b31fafb23dd60ee698c9872ffddf75db8c1d9bb0d0fe17062f7d4b,free
sched1789811719035@t.co,pbkdf2$600000$0a3447340eda6b14106908e849212652$07eebfb3a1ceb9974f52d5421523a7e8ac2c43dec2d1e0f5fd225d7a7a12ed93,free
fest1789811725281@t.co,pbkdf2$600000$a01c1e5dcf5597b8e33295af2ae24429$8e08cf8b63c147ace945edfa4fa5a9a5846ef883f71a0967b72000de98a4918a,free
story1789811727052@t.co,pbkdf2$600000$4076a505042dd1d34f2c2824f0134726$e88b1d7261abfe1d827820735fa2887ed95032486551c37029b6e94fccc3eb5d,free
vid1789811728347@t.co,pbkdf2$600000$6a0c6159760605008563013549bfde3d$8e62d8c54e2001eb2ac3c15a840b982352c3662dbd93805f1dbc22c449084754,free
appr1789811729753@t.co,pbkdf2$600000$731450a1a7ba41a493a2335f2c0f0a6f$49c801a9d95972de00813057596fb6f10eeaad16447b44d79507d6e7389c43ec,free
ap11789814906082@t.co,pbkdf2$600000$e3df6145964c5f3bdfd73dbc2a98e9ff$81cffdfdcca8a6d7241ddc3ebf9c5ea5b1e559a42f8781fc171c4ef91395f53d,free
ap21789814907657@t.co,pbkdf2$600000$ee91dc529d34b1d7e3ff8fd4f80a7ee8$1585283dece6ec5159d24b6f869e60c70a9ed5b7cc051af5ee8f0dfa51257c80,free
ap31789814908940@t.co,pbkdf2$600000$75c7601193456fa91a2040a226ae1aec$ca9059051b6e3783e62cbeb7a4cbab149b5940235a8334bbbb1c5632384d091d,free
soc1789814916793@t.co,pbkdf2$600000$cac986de96a9568f1326830ed1ec419b$364c6edd28fd2f3ab0c54405de867d8f717cc7e0249a9cbbc359dafcbca3bd5b,free
sched1789814918382@t.co,pbkdf2$600000$11d6b4f1cf52d94387bdc880ae044526$65c5b84062c92eba1672d8f291b9e2c01f9f1cb19194771cf9ee3ed7e9621c12,free
fest1789814926614@t.co,pbkdf2$600000$339a845d1fc8a245a83cb62b22aa98d6$f623db6f7df4f6adfb58b989ffc697e12ce989be6c20e4897c0ee8a62bac26bf,free
story1789814928405@t.co,pbkdf2$600000$93ee831be866289e6c3dad52cf75ae1a$ec3fb74f4c04192b949dc23af436dfaa40719a4ba0a9657f0c5ada0cde77a143,free
vid1789814929664@t.co,pbkdf2$600000$36e2ad63ea4ec2ae8d6293e34e20043a$3e525618f072ea1349d92d2469954554a7e558fe49354b272586643d24035991,free
ap11789815201507@t.co,pbkdf2$600000$eca54b1610ced72379ca8ef481e918d1$cb0b54609e59c9b85b53ea521dc19a4a8eeeca3f20b0e0fca7ea47bba9186cf7,free
ap21789815202285@t.co,pbkdf2$600000$583461c66d978cbea9f4489ad88381c5$5bed89acab9b3e8764db81f48b1e9a06dac7b2c1bf4149f4d209c31af82f12b2,free
ap31789815202894@t.co,pbkdf2$600000$37c3331160231240d7efb9230ce56405$c506ece51d7b6e3f4949b98739a7bb85c651a402b64ccfe996407772a1ae5fcd,free
ap41789815203529@t.co,pbkdf2$600000$511474f7227a78bc5bbb20975d2046c8$47800b5dbb6d6076a0b70a5a6d4bd2921e13c1ee6618cb86d57ff98b6b92ab84,free
ap51789815204263@t.co,pbkdf2$600000$c43818d80bf74278bb4e9c8039d0b776$a4f7f2cc75413197e3b0c859a83a96dbf20359c9c15ea804e8e37155bb8cf96a,free
ap61789815204940@t.co,pbkdf2$600000$1d552dee8b264ea5323c3c5280a5efcd$cfb0f1170291d7030294f31766b5f77ffad14cc01d56305b021600b5ea589a33,free
soc1789815212611@t.co,pbkdf2$600000$43ceeb20d1a5e8b9419735c90e335042$f9408ec0c5e25659bd9eea3835e05d9fb9f52dec7b8a7c8079fa810a9e5d34af,free
sched1789815213400@t.co,pbkdf2$600000$64631015eb9ba472b5dc986ff53e1e54$7139a2ad9a01cb635aff07cc67e7c1b03244d645ab16ae764351f191ad979c86,free
fest1789815219889@t.co,pbkdf2$600000$b90790e6ca1e9fee10d88109b125b12c$ac8e0c00cd2a822fb110c6b9d6b5543b1a73ebbbe1d78e637cfeb1a545b5b042,free
story1789815220919@t.co,pbkdf2$600000$7a8c3b3ebbf9a23c0b1fc75bbfb94ae7$df7f498f71b0c9fc76088d5a5b6232b4764ae15b852a615f6798b8a8878686aa,free
vid1789815221542@t.co,pbkdf2$600000$a70433844c3cc3b04dd741d540471024$886b174549e3634e9bbbfa4501e2848ff89e0aadcffbb6ad4635300eb146e982,free
appr1789815222265@t.co,pbkdf2$600000$913315ddad915136f0165da3bfd3b8fa$3f885d6538c9dff62b79802fbfe9f8a081196fd946cf8201dcb0474438c3034b,free
ap11789815238946@t.co,pbkdf2$600000$0cf632335a6ee0d74e54522a1794bcdf$5502c7b490f1723ab4965f26abf5e4efbe6b42e15f3df99bd714b73caf55c607,free
ap21789815239718@t.co,pbkdf2$600000$662fff05af4208c5ec6d5b66cd625a74$d6958fe1eb4983ada2845951c80898b1626e2f3be4bd6f61e66a93ef49685290,free
ap31789815240328@t.co,pbkdf2$600000$b06193973ffae94928e2e8fa25b1bcaf$37d6072d659df9dd1a99e5dfc2d6557dbbf6cfe1288ad7cd9c755be04b461be2,free
ap41789815240948@t.co,pbkdf2$600000$394ca14c8e75746f6545520998b0559b$dba9edf71e0d9c9544c3fe6954d1367aefa1703ee209521dc1d2b43a725fc79b,free
ap51789815241694@t.co,pbkdf2$600000$96034b3211568a66a4e852e50816cdd9$954e18c7ef821c66c04b8f9a9067ec2ab1517206be03a3b8f5d2b51b58f8ed49,free
ap61789815242366@t.co,pbkdf2$600000$ceae0eaf836f67498acb1d7c31964ba5$71f727aa958e29c7e10b4a24ccbfd5a3315e25d1321699fe4d82bc2edba69762,free
ap11789815342498@t.co,pbkdf2$600000$3e532d8d6df9fdce9986b493668021bf$aaaa609839cd759f3dd8f25ccbf03cd55cfc00d71505e274d458953de03d4312,free
ap21789815343248@t.co,pbkdf2$600000$7be26585a3ca9b95f7eb3d67db688c40$2b7b27a5e1f4469efe820e836df80e2c581ae412569a615cf6294977359d80bd,free
ap31789815343848@t.co,pbkdf2$600000$856b3f100f17f082ef53399a64215c6f$2e9f661b8dc9c08a34f4f7c78081cebe7149363e5e0022a9fc62c358f6c5bb15,free
ap41789815344461@t.co,pbkdf2$600000$5b3597cc8d4e0a5ec918c9ae9dceb2ae$c7474c841f2f8fd240dd955a1482ed9d8dd19036635b2e0fcf1d471fa8d33bb3,free
ap51789815345182@t.co,pbkdf2$600000$3bfbc79d17ad773321fec4b1d34ebbc1$c24a2444b25bb4b72aef82e3f772302f319a11c605006480877bb53c241a5ea1,free
ap61789815345813@t.co,pbkdf2$600000$3cd8335d37bd2e053231959fbdfe93da$d7b856a0fc4886a1ea64610bc2696fb964ff0f866aefc22ff4bd1c273663eb02,free
flow1789815379092@t.co,pbkdf2$600000$63a8c9cef62a232ceffa12ef020a1d26$12e8932115395c3ae9cae153bb9992455b9c54ac37449bffe5404bb453d0ef7f,free
fest1789815381335@t.co,pbkdf2$600000$d3ec14f89662bc5d15a36fc8e6919e59$4ef4b37e7b044b971abd86f9cc11ff6ec45a4018905cf52cbdb1253cae091df8,free
mkfresh1789815418545@t.co,pbkdf2$600000$430d29d34472ba72e05bad4e933d8091$a418780df7f2d5208556514185bb9870f5421d29aadccd225287be93942d9b80,free
mkrisk1789815419069@t.co,pbkdf2$600000$d5b5b904f2132e728db2539666c470a0$60bd39f30d15d489944f0625303e029d6fbc158feda4d50d5e088db3f7020a4d,free
rep1789815465879@t.co,pbkdf2$600000$bce81ce406d27ce8585a2d27a5e68219$640102dc4011bc84ec7dded82089720aeca7816ea0f1c79f12085b87d48b2ac1,free
ap11789816033842@t.co,pbkdf2$600000$2ad46fd8a222bde85a1d32042fd79473$b8d29535bece68ceb202a6008d48d697663705b9b84017b4a2518de199dd65f9,free
ap21789816034665@t.co,pbkdf2$600000$989d4f8c72ea875a9ca069eef82020a4$50dea1039c0e1d33674d08d7267465181bc5f1c520c830c4028c05f6653f2ce1,free
ap31789816035244@t.co,pbkdf2$600000$6d4e3aa5591b54e422dfafd2eb07b79e$220b66f58e9696d1174238c6e8923e2bbe7be7d4eb002bada7bc3c02b66917ef,free
ap41789816035845@t.co,pbkdf2$600000$2a4d1a811c75431105a916eae6c1757f$884d51401b28242e7e2ac354186fed012cae930ae9b398653d4e58b29854b414,free
ap51789816036617@t.co,pbkdf2$600000$0f2a573ab9fc8fb715ba9e4ec7cf075e$5bdaffd25c7f8227b0a7ecfeae16ddfa4f3132cc5604e2c9ff88a7b39cf978c4,free
ap61789816037311@t.co,pbkdf2$600000$a0a866c87e8847b9f96ecccb4bffbaaa$282fc4e7e56fb45d9002cf86f8716d714920f5e2980a2e560ded05f43ea71c6a,free
soc1789816045307@t.co,pbkdf2$600000$56d463e5ffb5415b69750f28cc990586$4014e558576e3573742c05fd195e536893bb0c1ee2cee3aa237b35e995c36d3d,free
sched1789816046144@t.co,pbkdf2$600000$3475ad2a6ade86accb221080d4074ba2$de79fe3e3603322423eccfc709bd77554604ada0c47684ffcf55ad9f51c2a5ff,free
fest1789816052164@t.co,pbkdf2$600000$292645c7b0e4a126373643903d9e07ca$daa6587e4045021faa44f3b617f2bb155177c78c25861a60b45da4897f0204e3,free
story1789816053246@t.co,pbkdf2$600000$d932e440c043625ceb7a6da1bb02ae1e$3e08fa3fb1cda3119272fc95af8cac56df1d0c34622951b3d8e542a19b0031c1,free
vid1789816053893@t.co,pbkdf2$600000$a66a3f55d05efdf2c60b1f008bb1092c$56ab8681977d8fef570089821995be67d44c40c8dc54488d6ba6d8edf29a5ce4,free
appr1789816054656@t.co,pbkdf2$600000$49f58c820bda96349d85b7b00d608ec7$95f2dc1024993913db0589d5c36a0be097f224a9c996d0c3af4b4592162d3da3,free
ap11789816321469@t.co,pbkdf2$600000$554e6f1f2e395c74e3baec6a95cea8f0$5091b88408a04cd37e7def1fada28506c5be299a8ad26704a7349b835ef5c104,free
ap21789816322404@t.co,pbkdf2$600000$24f62b7b71b5d3a55d7a4d12d2c41642$04d68aca7ab44144fc0719ef904ab724acc3299597d5e86ba79e4d985b7ebb59,free
ap31789816323169@t.co,pbkdf2$600000$faeb9e19aa3a6aa6bd3908c49da7e81a$542a7745df608fcc94f10b21ee371c7569fe51a280028f5c530c2c5341fe0d9f,free
ap41789816323919@t.co,pbkdf2$600000$69fad7fcda7234aa4b3ff25452b8bf96$e37380ef766f8a56668abc42f0f0a65e6e3c023c9f2fd6a1a5a196f16222fb2c,free
ap51789816324746@t.co,pbkdf2$600000$5f068ce939f4a90922e93f229e4717a2$19212bd15f3959694c6cd491c390c7af55bdd70f68ada5a4f400771fdd2cc45a,free
ap61789816325544@t.co,pbkdf2$600000$692fde1cab006a8b2a59e844235b4fad$2d6a288c5959257dd55b22942a02dcaa3ff2daf4911a7c6905a803e76ee4635e,free
soc1789816333685@t.co,pbkdf2$600000$575ef92126315904a4e84289413fa02b$80114541f328359bcdcdd7cd1c1aef0308b46a9b536aee7529cf81668c4cf6af,free
sched1789816334648@t.co,pbkdf2$600000$0d053fb981e5c207d5e952dd28074b8a$640bc34d7fc90429aeaba0dbe692b984d494772aafbc5e01a656a2fb25a6da7c,free
fest1789816340719@t.co,pbkdf2$600000$d02e3ff5d49d6663cd8cb8e2326d396a$e3067bbf5da40c7e216d9ab48ce1c6b50d438a7489b6178450428dc4484fd8c2,free
story1789816341929@t.co,pbkdf2$600000$36d4ac88f0b1ebd5a12b442cfac6be41$988d826fc98431269ad56383b189ff14cf70a647054204fe6b38a62e7f681cb6,free
vid1789816342704@t.co,pbkdf2$600000$d8054fd4bc51d98dabd9660dc9be431f$45ed541a64cbea56f2946a2c673fce15401d507f0eb4c83c460fe70f8f62ebeb,free
appr1789816343588@t.co,pbkdf2$600000$6f010af75a8fa4339592e8d6c98819b7$5a71a160c010e93d69add5f317832addae3b3590d72b063dcc73b02d17f31e33,free
e2e1789816422005@t.co,pbkdf2$600000$899b99f23e78b74e5fd3c07e0e7d9977$781ae1a14591bdd292ac1ea3b491c536c3df2418e85eb2910230e5302ea13f7d,free
ap11789816450180@t.co,pbkdf2$600000$e045b4239a68e2b73d523adb01483088$758f665fdf0d1c02bdb8e1291799317ca754a377e50b2381e0ae6e5efc713f50,free
ap21789816450966@t.co,pbkdf2$600000$744f7e87b7caa655431c25d131a457a5$a741703847654430a28e743d50369c3e2c3f5f7660cfc443e5da1b0b7edb6e32,free
ap31789816451613@t.co,pbkdf2$600000$714a61baac1d63e011aac15fc906a735$26c78a1b6ff614db01fe941e59cc24c34ff749893b30efd5c759fb4a1fb6d25b,free
ap41789816452373@t.co,pbkdf2$600000$6718a18c933fc1add08909b4c922894b$56b7391d7df5ee54482a75e642837862ae7261301b40777d1e6cef7a71eb557b,free
ap51789816453235@t.co,pbkdf2$600000$54f618d2016e080c9f7e64a76d17efa4$6737891911a7fe988794d3e43224d7464496056fb46626bfb76a5b96bd1463ec,free
ap61789816454064@t.co,pbkdf2$600000$6618af789bb08b764a491b700c889472$70dae9724f1746b598f26f66732f38d1f76bf232d73d3affd4f680cbe8dc8576,free
soc1789816461939@t.co,pbkdf2$600000$8d7d623f44fc97539daabde81d8ef5f9$91f483e1747c059e62d208c628888a45402db415337186d107d47ff17ea07d18,free
sched1789816462900@t.co,pbkdf2$600000$1abc22665cfd1176228bb309453fc9fe$bca0a138632687cca69d3edfc240aa3f11721e7a201c4d7fbfb66b5c7eb4b3d4,free
fest1789816468948@t.co,pbkdf2$600000$8b1cf66fa7fb0897a59045c5b6d44a27$6a3503274b40bc4001795b35b98afeb5877cea9522153f01acbd326cf7005112,free
story1789816470327@t.co,pbkdf2$600000$80b85380cabc50009aa72d43fc37cda3$b03ad02a30b7e93c0750707e4a1f13c4427c707619fe11359661216627e3bc0d,free
vid1789816471146@t.co,pbkdf2$600000$6bcfb11b67a30b2fec490595ce25a1b9$41f47849caf9bfc5aa50c5a72b07e2cacfc6e11d019481b9539b64531778b527,free
appr1789816472080@t.co,pbkdf2$600000$380cc3b29bd3b4ba00af1b5663985fde$aac5ded2286d40c090a85ac0f7f06f2ded14ead9d166382b73c60e4ad5a5a481,free
ap11789825328050@t.co,pbkdf2$600000$5721cb42729d65aede9c7d0ac306bcd5$b2808de17ae990986d9cc5bbd89097b265feea41c35cd73269deeff6aa83cf0b,free
ap21789825328815@t.co,pbkdf2$600000$0711fb6f80ac1e5ea5e549f313ab1b50$5e3a5911e2e30db1089c7d924b431ef1d66981e92e9cc867d10f5fad162bdf43,free
ap31789825329521@t.co,pbkdf2$600000$0b7ca4e46fca06fede6c3eb5002393b7$345fbb4f58b354a353807cbda2a8217898a7944f77dbc70b0f1ce785b6ac705e,free
ap41789825330192@t.co,pbkdf2$600000$85770275ef59e912a2990e277e51939b$3991698123a5b300c1014c4f956f9162a56b46d5afe94c13e643ca4d8a4d48d8,free
ap51789825331063@t.co,pbkdf2$600000$4b610f49c95315a79552be53003cdd59$f300bcfc96f5ed4b0b8fe7a8f8340caefcbe1f761b32a768617c0385536f9ee1,free
ap61789825331866@t.co,pbkdf2$600000$b2d55f21d89b1c9d0afc0800e5c2ddd2$c039062cddd6b5bacd1f1d0f871fc2f1dd94e844f2abb4694b1666f76bf6ebf0,free
soc1789825339612@t.co,pbkdf2$600000$0057d7f541a72802232163ce12f6dfaa$117988e494797ff9a5a1348a90929e25bccc0dc6685ab0c89dff093bc3f30fb5,free
sched1789825340597@t.co,pbkdf2$600000$e7d455801ff088efcd5b843458bcb7a5$8b9be915dc489b1a24f800aa6c75351296a081c968e0b8e13e26f8baa42f4877,free
fest1789825348055@t.co,pbkdf2$600000$5f846c4ac124f227a87fd06615ef88e0$450d0a29ca9f04f5a5343a1e05456458cd2d127f47e77e5e3d688591236a2a8c,free
story1789825349681@t.co,pbkdf2$600000$29681d7965a5189605022860a22b93ec$d44cc7c47f257c0142adb3ee908790ff6a1eb386bef1dfe6d49bdcd7dd8024da,free
vid1789825350718@t.co,pbkdf2$600000$6e6c54ab6a2d2eb2280a9a5782f9dceb$5f3382509757b51634a5148964f820a25a1b1962dc3ff508e4ee7e27e1fe7fc3,free
appr1789825351902@t.co,pbkdf2$600000$dda8fb3bb83023d8b9d161567d0d53ee$cce53e583284db1975a5d7c225d3ad7d0588be735213832c7b33064f22930148,free
ap11789825553592@t.co,pbkdf2$600000$4e415b824984788b4205c408b389bba5$1080d1d07d2efaf1ccdefd5813ce0bbbe41a201b35c42b9f0cc827540aa98c01,free
ap21789825554613@t.co,pbkdf2$600000$afcc51459070b695bb29d93ecf463725$6ff1f28e9ec94c6ef87ad1b709489c40ac3b8ca71c305fbdb2d990b1d84f1867,free
ap31789825555613@t.co,pbkdf2$600000$7a829e821f3979e06684b81f1a6e2c7f$7aeb6c31816199f1de1815f7f2c10f6489f8b759025e9993a2deb17ef97b5ce0,free
ap41789825556613@t.co,pbkdf2$600000$625fc20baf3cc54801b4ce458cda4ce3$8ec6a8d6a607e96d0c19e6c9b956be7d30e7a347fd53984f3ce5c20340208f28,free
ap51789825557747@t.co,pbkdf2$600000$ea442159f3b76d912cb1c3bc54a378fc$70a0c6856667a77ab194a2bb560486c8568858c294f235cfdd5b98167ed4ffc1,free
ap61789825558798@t.co,pbkdf2$600000$324371155ebb9e75f3ecc8a69f59c726$23364fb87880499d9384562107f851fd66ce7d671190cac671580bfda58862c4,free
soc1789825566960@t.co,pbkdf2$600000$1cfe3d38dba52b0c4564a4ebba4f22a0$3784d90dc60101eb114eb17d5f9786fb83fca59c3d4fa2e2daec2d799987fce2,free
sched1789825568271@t.co,pbkdf2$600000$08bc39e3880be8122579c8a0753b2b3c$737b1d036e7a7d1f6c18764afa5dd11202ab8a5494bb45445a8f74b6e4fab7ed,free
fest1789825574577@t.co,pbkdf2$600000$552ed8e05fc8f7e38df1c1927d3ee765$8f9048633a25c5f6fe685f56b48d84466bab32a42fd325cb7c5bddb9b4c6a6bb,free
story1789825576212@t.co,pbkdf2$600000$56eee77a9a0728bdfae4667c61726fcc$76062959449cd8fb3a8a7f22884bdae150e916cd0efd089f82a47a425f8431e1,free
vid1789825577308@t.co,pbkdf2$600000$76ebee0d6135b7cac172b4d354324fbe$b3c53c357eac133f7dc6610d17c2689c87d4bd649c0a82d87dc595c633dbe4fe,free
appr1789825578408@t.co,pbkdf2$600000$67ac78720c522c1659058860b5ef1751$7045e1969e5dde6ec3660055c12fde58626f7deddf53b01815c390611b768d28,free
ap11789825635615@t.co,pbkdf2$600000$1cd2265c341ed6c89bee55f251825b00$06437115435fa3c20e97fd07c65069b5f8cd38eb74144effa980448716e7a34d,free
ap21789825636758@t.co,pbkdf2$600000$110675ede04c403e720a9df33ac03683$354025ad153bf6a28379e411249268e4e6e2a5051af68681f34a1d42a276c2b5,free
ap31789825637789@t.co,pbkdf2$600000$02e6005a4bc3bfaf8ea509561c507581$42f958890a88ef072daf9aee1923d8af4fc89b22855d1979b450c0dce6878808,free
ap41789825638855@t.co,pbkdf2$600000$9f998b01bcdb155a4c74843cb5458203$63113a8daebfaba53772d5d8ab18c90f2460dc00b851bffb3abb28581e4e99b5,free
ap51789825640020@t.co,pbkdf2$600000$05fa10e95d1b2ab24490fb98694a049b$f26f25c5e2bbd168dd690e538464eb3e3fc948418df7643f32bbdf47bc780d84,free
ap61789825641015@t.co,pbkdf2$600000$c484e4af9008c8538678d325cbe47cf2$19d9bad36ce50c3d66e4f4654680b19921a7f212eee58431bec773019112751e,free
soc1789825650494@t.co,pbkdf2$600000$2a073bf25299875c6d7e9989a4d5bfac$8427eeed9d422ae7c4af12cf440c5285b827a86fa97484ed4c28f3df197305be,free
sched1789825651875@t.co,pbkdf2$600000$4c8b22c5de3a70d16fec5f5448662878$0b6aaac0eefb3f56f4915c93e7f648e42d198bb575fe25b7be6cb3aaaf25ca46,free
fest1789825659198@t.co,pbkdf2$600000$fc8c254da1e4b54be27ba8116e75764c$b468f9eb776b49034ca69ef35c7d1386c78c9cd09ae7db3979b6cda6c58ea4a8,free
story1789825660805@t.co,pbkdf2$600000$4641e1e2bbf1a0df26b0efe53c8838f8$9c7a03284cf34973b55bd8cd13d070cc13b3780265472283c8f5e49399167407,free
vid1789825661809@t.co,pbkdf2$600000$c77c57ed8e32ff71035b6ff96d7981cc$42a49f060aa89bfd30b2905a65ec60fdae513bc55dfd1b50c96437d53fc7cdb2,free
appr1789825662937@t.co,pbkdf2$600000$95a958ecfd640fc6af7245c62e2938b5$e4481d7f94ff19d7a2e0483414f88db3410b74f6a9aa229f77bd3cb55718744b,free
ap11789825955528@t.co,pbkdf2$600000$47f38dc72ca845ace51a2a93eb46a1a8$3e56b7a47f25a3ee7ec88a7da5432cf7284971810664bafdb4ca6794b6d24a0f,free
ap21789825956342@t.co,pbkdf2$600000$f7a66427baadf47fa5134e3f39655385$bdd723d4ddaca1f49b02cd51c5dc54d86b92d6eed87a527a9d14dc76c6d5a969,free
ap31789825957014@t.co,pbkdf2$600000$eb55e68e155799c80417530187854d9f$5da26b0f24b78f37485feda48ed83975908c485eb9348e9efc3ce3e95475ac74,free
ap41789825957672@t.co,pbkdf2$600000$a8232ba2874c1554a0ed253a0943b287$793d2df8243dfb9d6ca4e6b4f8429c606085ab18b0b0a56fd011f1462bfa1160,free
ap51789825958433@t.co,pbkdf2$600000$f3b053a35821dcfc69752ff7fc994ce1$35d03bcfe8f53cdcdf1130a6b974e37207f0cacca168cd57fed211b8dce37e53,free
ap61789825959206@t.co,pbkdf2$600000$3cb7731269c5872afa1af4f41ff5217f$11e785177902a4f70b5496d430b50a261e7395790ac959a8978ab7f884ad1055,free
soc1789825967155@t.co,pbkdf2$600000$a87e2cedc3ae781fd3a0e500d28588a4$0328e47d8d2652323c98ce357c77488b0fc52324dbc08f0c6943498f32a92fdf,free
sched1789825968135@t.co,pbkdf2$600000$80d17e3eaa8fc6b86caf4c8c4a27169e$7dda147d88d9328e0ba33b5a234b9fd388b3b526ad0ff63bd5e829512a6b9ca0,free
fest1789825973866@t.co,pbkdf2$600000$12be7830a239d3e5b04828e914cb8aeb$49780b8a254d3049ed529fffab86a4960665d93d1671e56fad34ed20e75f72cc,free
story1789825975135@t.co,pbkdf2$600000$301020bef30340ddfc39ef5c9cdcd780$6b54900c6ec92ccdcbf0e0bad14de9cbbb73215548362db56b4f250ccbde3115,free
vid1789825975888@t.co,pbkdf2$600000$73e6aa7908bec441c6ccf92d16188ade$daedc7da5d7a7ff3f07fee1b54193bc462c5721731b6cbfc4497ce46497e9633,free
appr1789825976760@t.co,pbkdf2$600000$39b3d7b6f5193eaee9702ca158386d95$77249715eaca9204b41efae204939c9e61f57adcacd63a8497f0df643693dc90,free
an1789825982882@t.co,pbkdf2$600000$1981ba23ed043659964bc215af6bfc24$bab6ac5576e03f05680648de235077bbbc4a485ee8b78ba8509c9889b03f3b55,free
mix1789825983921@t.co,pbkdf2$600000$942518e39d97b9877712a18817eefaac$64c06d11805a99b22b49f9842463703bb605ef3e581bc10037280d34e833bfd2,free
sup1789825989826@t.co,pbkdf2$600000$039c5765d8ccf8de244a6d34388ca0d8$8498d364cd00bc102d7ae45abb2e81582d93936a61cc99554d32895ee64355fc,free
mkfresh1789825996602@t.co,pbkdf2$600000$948b8a5725ff544695d659ca85c12516$da8facf0a6bee8985f471947807b1a04b2bc3e2795bc74e660c978a92fdc38cc,free
mkrisk1789825997281@t.co,pbkdf2$600000$8f1be5d462e8f85426acf6239d1f31d2$b9a4a0166b43e40e56c0636571968a724d2498b3dea992001d3bd62a97ccd363,free
mobtest1789826157047@t.co,pbkdf2$600000$c4a6f16d43a81c571bde9619344e4968$53ec31c973282a7db7ffd252281ef52d0e269e6181b0b1dcd7077a97eefebbc0,free
ap11789826619778@t.co,pbkdf2$600000$40d10b1226271d2b5d42092f1076abc7$962667d8063ae7dc459e8ffc812cc2407d213503d63443f5ab8f0a59bdfc814e,free
ap21789826620528@t.co,pbkdf2$600000$0b75105bce4af304b2787be6b3a52803$952f8eb21ccee6d6d39389a46e67fab9ac3056a60e8593c4a5986f80b622dc6f,free
ap31789826621161@t.co,pbkdf2$600000$70357d4a253e85ddd81250788010b989$50b5a9479bf8a657d34465af616eba5385cd99f690a11a1e27a635a6b4fab0e0,free
ap41789826621795@t.co,pbkdf2$600000$eb2df32c3b51fcc798bd3b8e63bbd952$cb773ee86adaf0facc863dabac07a846793549e422606e439ebc3050a9d36d8a,free
ap51789826622507@t.co,pbkdf2$600000$200e4969b5ea25c89b5c95b3011f762b$0a1f91cf27e4b3801807d66aeea0b76cac53506cb343a921610245e71351a059,free
ap61789826623175@t.co,pbkdf2$600000$d37a62e2e1fc42ba582f958051fae89d$175784025e9721f650c3c3d501d6f46d0301715ebce23bc48910e8ebdff6c5cc,free
soc1789826630324@t.co,pbkdf2$600000$f23b6b9e25ddd6814b4c3ba7d29d06c8$f0b9b39ad4e55b44e1bfbf44c28c28216b3f87a6b4884ab782576c95cb441639,free
sched1789826631275@t.co,pbkdf2$600000$31af1ad861958a38d1f5f4ab7032997f$8033e2aa3fe425728bce483cac9fa9d19061be8f222fcac86e7fa61bbb6a4b25,free
fest1789826637107@t.co,pbkdf2$600000$be6e13b507bd5ad79f92c251f49c0a50$27ec9d0e82ecacbc60f97a17c3a12fab1753d692c547e783e5027291189438b0,free
story1789826638439@t.co,pbkdf2$600000$a84cbccd3a7d13645e47ea3c50a65b9f$e5449cc1a9808c4706800db99fb371992b60f79303e61c71d3c4f5fa1fcababd,free
vid1789826639295@t.co,pbkdf2$600000$c825f6ec8e44b3c919a987df1ef96ce8$678998ac3f373f561bd23cb182a23aa83c59cf5b1f28b3e0bee5aa3efbe5362b,free
appr1789826640216@t.co,pbkdf2$600000$2c7158feef6ceb6d1e46436674e09216$0e9536887b525c0367bfb0a97a8e6e919645b523ad25d36fc8264d9adfeb2e6a,free
an1789826646335@t.co,pbkdf2$600000$2b084b207a62c396c974bcc5dd385814$a6092f8ef3b045e830bef9c9bc82bd6b10a988529d10712d041480bf8fedeeed,free
mix1789826647387@t.co,pbkdf2$600000$0cc17fe86608954b3f811f9209458b87$a17c9c0ef483f161fcbf67b5753c782a1bcc6ee9e406f1163bc4334acdf21917,free
sup1789826653456@t.co,pbkdf2$600000$5b65b9cdd6e9602dbcf48e30fa8b5677$298859d2f4137267ca91576ac3635509bf75442eddfe82201eada152b03259b4,free
mkfresh1789826660614@t.co,pbkdf2$600000$f6d03479e486c96fd54872512fa762ed$7104355bd01ecf94581dbce87f894d5a321282d374645ed1f40c3777a006c162,free
mkrisk1789826661341@t.co,pbkdf2$600000$6a4c15800d068d971c7b924d304403de$bfc4bdecc124ecb7057320685459191a55b95726d3539df16276800ece5ae26b,free
a_1vkn39@test.local,pbkdf2$600000$4b6fff371b9f39b6f79a7acbcffe168d$5b667a0c4e38ef6824db52c76bf724596f78dd87a2d982f1b96400822e494da8,free
b_1vkn39@test.local,pbkdf2$600000$9ab26dbbaad8137ff51692feb1bd3cde$12f303d35fd008fc025112ff84aa282c86d6e62ea536f40d4f9f23aedcd222aa,free
a_8f4hii@test.local,pbkdf2$600000$c2922d355a6acca67bdc3a93cd958236$806ae19eca5113a828112c903bbe859bbe8acd9d9187a25c2aea1c81ffc648ed,free
b_8f4hii@test.local,pbkdf2$600000$245751cb8e70e89ca88fa046a2de8eb5$561aa6aad261482413dbbaae24c6499f33101f82da9be612a5b4d65c6e2a444f,free
a2_lizj3p@test.local,pbkdf2$600000$ee4f3b5b39229e38d80c57a408e6bd92$afc944a720e45611e41cc0fa089c5d05e81b0f6ef312300ac18697678e093967,free
b2_lizj3p@test.local,pbkdf2$600000$8c3e7437ff23cea2029595f8036c039d$27c0feb3d49ef245f45bbe22e3387a7ed248737833a00ec9b0a08b2aaebc3227,free
a3_isz30o@test.local,pbkdf2$600000$873c9b13514abcc1b89981a753487167$3cca76e243c81ae97c0258f4babe673c1a6efb1d1648e6c102bc6cb342b43f9c,free
b3_isz30o@test.local,pbkdf2$600000$641103fbc1d582193897db4f361d0b13$6eccda29d77633ce1cf516a561446c0e68ad3e8526522d2916645685bb192f48,free
a4_gmjf3w@test.local,pbkdf2$600000$bde6d1e28e8d0f96295110b2f0c45e04$9d08b016a962f7039f7c20ea1b945da72fe61f24380c4c8d25a4e63a895ee2be,free
b4_gmjf3w@test.local,pbkdf2$600000$3018b830605d32f4d2faed3e117f518a$811555261d0c2f8aeae3c88bf64e27eb2673b7f56e3520157db6044e8a535c90,free
lo_aqdine@test.local,pbkdf2$600000$79afe873cffba8d2ec96867f8ba0b311$99bb56bdbebd1fad090f64b297c2a03e6c3c5f2eef3156fefb3bac0f008775d7,free
soc1789900568900@t.co,pbkdf2$600000$c8adc6338248accb3201a49d8181b1b0$adc6622799dfe8463afab261d28c4b6b92a1abcd0d868fa657fa9aa4514fa368,free
sched1789900570891@t.co,pbkdf2$600000$70aa5b7f4881f07247a0693a8ea391b4$ba9fcdea98c5b83c4e49c4fa554cf9988d0f1f67686938b93378accea930ab41,free
ap11789900584674@t.co,pbkdf2$600000$00826e1b652e121f7f8ed060f6d003a3$4af3b856901e84f4c3af95d46c168c1b3d256b5930c58dd478143fdd82e5a201,free
ap21789900586336@t.co,pbkdf2$600000$5fa0d7663d2e8ba9519152c52fe5b7d9$3b95101d4a309a6cf11e76a2826a2d04889591046cbacb523be2258ef3486869,free
ap31789900587724@t.co,pbkdf2$600000$a6f02a47a3e43553b74cabd058f8f467$e9dedda61972eaf8976943ce5758764a1edd9335d37e230e13808aefba7b68bb,free
ap41789900589171@t.co,pbkdf2$600000$38051b63f6f387a9665493db8c60fab1$b2272d16136c562a0c975d9de424d3b6c8225f6f8b901bac5b960485348782bb,free
ap51789900591107@t.co,pbkdf2$600000$c08a7d92fc0deac9ba38220f8f780aee$2bcbebf755c33deca266a5e986a411fd403529a42ae77b431da98ac43188ce79,free
ap61789900593097@t.co,pbkdf2$600000$e147d853d3482ebc1031a83310a5bcd0$4d90548f9dc695a94c381f26e6cdb31c09d8210730790e3086ebd3b4b0da3d00,free
up1789900618183@t.co,pbkdf2$600000$3a1c2930ea043c3d5f1b5651b96ed2cd$c4fe063b6f3561e3fc45ff879f9367d6844f76ed5918edcd5a7459241d35cd2d,free
ap11789900649063@t.co,pbkdf2$600000$12d52b2af7feee05158ed5f34752e19d$79bbc8ddbfb8fd2be15147d7bea506e305041a537ce096aba10b9bb3c4219563,free
ap21789900651378@t.co,pbkdf2$600000$c5194635a422cd36f4f3db28cc606605$0c35554a2e356f20deebfefef9e7eea19bd473dee403fde769703a9cb0396eed,free
ap31789900653230@t.co,pbkdf2$600000$f604654528a9fe5bcd83b50edbab18e9$586f962e2eb3f8d02e550167b1e225d8290a01a1e451a90c453762902bdf59cc,free
ap41789900655336@t.co,pbkdf2$600000$45a4c1cb2cbce429e4515f008158400d$2f972579177c439eea78f922d9c16b33715dfdaa09a060ddbaf49d0370e6aa8e,free
ap51789900657233@t.co,pbkdf2$600000$c51a3d9f731be1f5c376bcfcffcebaaa$38a06b47054557203882774c0657fe452b9a3faa11ffffbe8df06292d1278544,free
ap61789900658754@t.co,pbkdf2$600000$489f896eaa4cdd66e091d09ba411e45d$1ec40eab2a869d372adb97da80189ffeb63ac88ddc868b1834f1a6a0dc478099,free
ap11789900686244@t.co,pbkdf2$600000$2e1d5a5e54307aef603a56f09b9fe9bb$ef183caf326e84591e9a15cd2faf02a6404ba54733e3ce964bfca60af3076a5f,free
ap21789900687855@t.co,pbkdf2$600000$e9f46f0459770c36b9fd8a26cf2391ff$aac289a8fcbdc817990486360dfa257cc8fed4e95d7bfd7d1b44f75cbfa677f9,free
ap31789900689150@t.co,pbkdf2$600000$43a5f69705639ebb27639b9a7133f1cd$e5ee3c845fefc81cbee6db29229a386d5a8b3819e856557ad75c23c57df68ee0,free
ap41789900690420@t.co,pbkdf2$600000$404d13c86bbdeb46dbd3d4822aeb7ee3$334bf961ea2c8fe0ba0a335931d32d343741ee7693f226bced421301cee24cce,free
ap51789900691774@t.co,pbkdf2$600000$327c7763f58868be4743a32160ea3fb1$981085391cdd7cda2f86ba0e1c14887681b44b5a1c842f0d79a177e397211ddc,free
ap61789900693228@t.co,pbkdf2$600000$af56ab53146ecf123a631c28e3710aef$2fd5dda9013abd9c0d8c7be128cd6c38a8581e52d632f15448c2db99ca000d69,free
ap11789900717144@t.co,pbkdf2$600000$621ff76625394f569c5330b062a1cfe6$5d00487944bd57cd6b796658cb710fd6688e23455c98a5c3d2fe843e37d5cd73,free
ap21789900719173@t.co,pbkdf2$600000$ab5351ca163b3069650d789a162af183$68f9f3664b34f09dae8cfeb519be0a1d55d4e69f4da129f44e1a66b6ce2fb286,free
ap31789900720604@t.co,pbkdf2$600000$61937d8a3dcdfd5996451213e3674cb3$4824a9966e5ad961b45225ba20ff37f92ccc619efbd746e094fd6ea396c5b2df,free
ap41789900722319@t.co,pbkdf2$600000$a1fbff9187bac3be2a57d6abd45bb6dc$942afe5b9b6a8bc70276e6fc612f8fe34ef8b098dc628070e2f41254d8672c7c,free
ap51789900723848@t.co,pbkdf2$600000$598b8ac26a949f54f4c9b9a2b159faef$422d763865a36bfcc366cb510b2a9a041bc246f7aabf37fcee21f7124eb7800a,free
ap61789900725227@t.co,pbkdf2$600000$d52349035113fd027c3289043642c1ac$8c66484d38e5e1fd80a610d87fe38d5f7c6c716d4a7b29ba7e782bf9fa9c2322,free
ap11789900752204@t.co,pbkdf2$600000$c5c7483ab9d084630d088f64d498673e$42d1340a0b0d75ade2852ed138f50be9bad83aab5aa45573e53ac38ada4f2f2d,free
ap21789900753979@t.co,pbkdf2$600000$6a30d9b24735c4f6134cfb5f3bb9dcab$e77606f0dcb8effe3ec5f3b6f9142c5578ed2ed4943017a5510697bc25d5cbf2,free
ap31789900755291@t.co,pbkdf2$600000$f54c94310a5dd4523ff44f7ab5a67880$78c389893e17ee1d4f78e6cc3fa2e9269fef8e3dde336c203bec258320d35db3,free
ap41789900756596@t.co,pbkdf2$600000$298d975511c407e39893d6e96cf839c8$d7ead0d6431069f7c4475d4287877e0682194fb26056e0451bcda488b5fc4d68,free
ap51789900758046@t.co,pbkdf2$600000$a45af2b0c216b218eed75f136e579877$c299096cff49801696e79733d597b0c9a6c1f4b156955186f25e94d1a35a7861,free
ap61789900759415@t.co,pbkdf2$600000$de7ad761e34aaf94ccd00387731ed7cc$92df1bde91eabbf870702acb23bd8df732f54dbc889c3b84891845391ad73619,free
ap11789900791593@t.co,pbkdf2$600000$6eb2fe328ad230d3ea6723f420f21e54$de06c324b61f1e08ca08b6442bde75d354fed487c23bdcc26646fe03cf597ebb,free
ap21789900793662@t.co,pbkdf2$600000$e7b18717cdd4819554fa20b1f1063c65$c3d6c9984c96535a0b4559efc2e91bd3062170b5af938d72513fdf08ffb7af78,free
ap31789900795170@t.co,pbkdf2$600000$6a8d5225fc67535c06a3f24709d15085$ae22ce1b336fc58242ee08cd40184bfd4952d193bd518d32d24d80ff2ce6b3d1,free
ap41789900796902@t.co,pbkdf2$600000$924ed8311bc1c94c7c9a334782c9b83c$afe5633a84eaccf0acdd0445c386f51733a848fd36c44d4bfcffaa0b19f7f6f7,free
ap51789900798608@t.co,pbkdf2$600000$fc27ac5419268ebf6eb69eae590d76cd$785f4628a01ee2f26f38863436688b17719f77fbf46496f991401563380d1ca4,free
ap61789900800187@t.co,pbkdf2$600000$9455b7c43688cbc0bfa49a42dc6e1117$47cb3962b51328d735c01ea0326083018586c9c6e5cc0b1f3a5068412be48ca5,free
up1789901990997@t.co,pbkdf2$600000$dd951b61f3c7eb06b8dfd186515ced50$a25969dc5fff93cea9f1147131609d0b2ea1df41972e12987c73f62fb6680c08,free
up1789902048432@t.co,pbkdf2$600000$1ebdb98b0ec48f045a63c12d8d0ecb32$35cebace461162ad30cf2cd410aec19283846068b5f8a98c1e88e88845d142f5,free
craft-2f0c2006@test.co,pbkdf2$600000$17cce78e3db9891cf14dd018a9ac85d1$41a551a421b7b9e9b7c0828ae4678c73ce4cb250bc3b92d3de6b00d06e3e37d9,free
shoplegal-f366f7f6@test.co,pbkdf2$600000$9591e89da2603ce9bef8a3a38f89884c$6ea98392ce87436d6b5f158489a6583cca5d6bd175db67d9e9a6635086572923,free
craft-e76c7e20@test.co,pbkdf2$600000$51e1ad866ac06082ffd5880b38232bfb$ba564be178c339524945c631fba21edce4090dc1a725ac7a928fb2c5b65f1c11,free
craft-1651792a@test.co,pbkdf2$600000$d9165b91a12aac836d28f81a998fe65b$91185ea5145f0709a254d8af0ba4bb573831607074275c0cb3d0175d98e4d187,free
ssseo-333c63e0@test.co,pbkdf2$600000$8c3a6797973040e64390e644cc4ea6ab$aeea6fdfff1c3e61b415d06ba2174563db5e973ab32e6e5ffac8c625a9e8a611,free
shoplegal-612a7cdf@test.co,pbkdf2$600000$405214ed946709036668bbcf84511db8$d5c951d6fd198082589c50c5f0698b578d0cfb024e0efa7f545fdf7d13d7009f,free
craft-9e0ee38e@test.co,pbkdf2$600000$c9f7fa29470f246ce2a4fd97e62ea63a$bd8931e581c7a366df1fe2b32b9079e66fa236e6088748e58ade5e6fb6d7e637,free
shoplegal-55bf4245@test.co,pbkdf2$600000$343d0b9718f87c7d6f82c0ee9055925d$bf4620d09657a582d3dc5e2a62f31d709a709c95df7529616d327b8f8aa315bc,free
ssseo-0921fa4a@test.co,pbkdf2$600000$93ff27dacc4b1284a280a7da572fddb3$0278e3fcc79739508dd1ee60c15bf15b6f058b923670bd8cd947d5a086e038d0,free
craft-56bd433e@test.co,pbkdf2$600000$2d6a8bbd513236cd7cdbe20deb6d863a$17eb04b892610cd50507c5d94e73cd54cf96b559de2d1ff13c4a97ddf5bd4159,free
shoplegal-403d8405@test.co,pbkdf2$600000$04a4b68c398271e684e89d0493dd4808$a12448c2f2b4592572db9ce977c5ce064bd2f861ee9974207cb4feeb7b25e52b,free
ssseo-9ec2b72c@test.co,pbkdf2$600000$f512250ae2e7c481bc1018ba367fee6f$b0b389fc22177f1a2acbc8e4c90b0ffc0eee21839436720a96739a059f06fa42,free
shoplegal-50bcfabf@test.co,pbkdf2$600000$1b7f818a2adc31acaa028e2256d2e587$507c6c48172fd35e0077d5102b5f49edf47b14bfa90521ef3279e4b6af4a32c5,free
craft-09cb7773@test.co,pbkdf2$600000$fd948fb07cd77ed95d18815a53f76e1b$36f6907f300598692331cd5b1e331b87cbc5d3ccb396438ed2d2327c0beba3ef,free
ssseo-f1403f2e@test.co,pbkdf2$600000$da9af54758456b9d72a20bd8fbe85ea9$65a89faa181534ce16b2029d10e9e6b64487e7dce5cb1eecbbd21eec51523c3a,free
ailabel-c5c959f2@test.co,pbkdf2$600000$a9e75769c65905d9fc1d6c36eb1fab48$d65554adc0aab217e0888eccd2106da05922fa0f4be148dcab7bee040736b18e,free
ailabel-869b7332@test.co,pbkdf2$600000$99b43e496d3d3021c0b40a1b0f3653cf$0dff5b55f84ceb0ff6d4c2cd34b06e5ff6c4abe545cdb1091141031b11ed42a4,free
ailabel-b381a126@test.co,pbkdf2$600000$2fa91357fbbb19ee0a9d041f2c9c65b2$2859491c2c9d39a232db05f38ab3debb1ce98a9b07a375bcff28a5ee95233d1b,free
ap11790091904715@t.co,pbkdf2$600000$aebe3ba8a5247fdcdeb97f42f11deb94$23d66ec829a89275fb22ce3fdcd71ad1b40d74752645596028f1ebc24f5d79ec,free
ap21790091905415@t.co,pbkdf2$600000$a67e4a00b5d4ba973b9080dc73d58d8d$79bac4e85bf31f9c4f47cf5e24c1498039c8e1a02f14583f2d2aa983ede88c23,free
ap31790091905999@t.co,pbkdf2$600000$24c8ead2862cccf53a0687d9618fcd4b$d47510ca930e1710480909b0e58f11c1b91c93421cbed040ae15c19df319efc9,free
ap41790091906565@t.co,pbkdf2$600000$b507f0cc99a5f3896c82f15d9b7ceca5$64d5db9ff6663d27268e7979a8dd502e305ddd9eb4a2a911e81d641450cd035b,free
ap51790091907254@t.co,pbkdf2$600000$81bf05f5de006020da31cd068d8cbf3a$896231c21e99e585221415e09f736d0b6bb19cb9af3dd5c2c3e9dead8ec9c537,free
ap61790091907858@t.co,pbkdf2$600000$35f9a952c9f2190030b2d449d72fd05f$16107499549fe28f3458b588cca8840c5cd8040b45986efc59b62e5e71cb94fb,free
ap11790092011681@t.co,pbkdf2$600000$3b29afb9478c5fe57eaeac0ccf2cf644$21ea8ff0cd6f59c1925362fe9111d0493c1475376c5d91165fc7ef74cabc6953,free
ap21790092012379@t.co,pbkdf2$600000$2624857a51c8cc6a671437b46bab42d2$4d981d9ccb728564b6a3d859c8963d8fa19d28a1a98520ce2ac02db0fdb542b6,free
ap31790092012960@t.co,pbkdf2$600000$526e94adcfcbac91bcd7b997066cfabb$bbd48c02e9a20c20287a9b612c4ccca108490a28ed13d463d632665bbb34b0fc,free
ap41790092013536@t.co,pbkdf2$600000$4d7b86a52ec370ac27549a36e65fca44$94c1a9681ec290f0f011f2027a568e83c6d25169664dbedb9a2bdc96d3fecf6d,free
ap51790092014217@t.co,pbkdf2$600000$da7e0a8757bf924dcb2fc6cde98ec80a$59c8209720061635f6af4d61d5c630a72585f4a69a279628e409a44be6868bf5,free
ap61790092014820@t.co,pbkdf2$600000$f80d0b9488ec30c5df69ede4a50abc91$525701d848a423b4f694aba8bf9761769d9ebe24429dc163407fd34c0167673c,free
soc1790092056973@t.co,pbkdf2$600000$90e65d17d91db14b45152265317bd06d$9d8dffa071f8bf3e029b6282b532a39c797a2089eb0f6908a8431520c389da34,free
sched1790092057784@t.co,pbkdf2$600000$aca267889942f3f5bd8e5e070c1bab7a$1783c306ada712f8768fb70607fc007394b784cdf215af6bc1d8ca818f571950,free
fest1790092062390@t.co,pbkdf2$600000$fdbc8ad3697a2a0779ecee8700371683$69517334d73eb14e1592bb07fbb0fa7083c7d703b4b705d40963461f924a8611,free
story1790092063587@t.co,pbkdf2$600000$f58312221c03d7303d7dc49d28e63d0c$5f3fe6a7a93ce4cf9ec8f63397f7bdf08e8ffecb5e959e1b7540f78815ed430a,free
fest1790092073847@t.co,pbkdf2$600000$b073d2437d5d88e96dd7c9ad41ce0091$d5ca9abe23c7d6d301c9fa755ecb293644a36806000e2699777cca25bfbb51c1,free
story1790092074974@t.co,pbkdf2$600000$82879a2c128fad784788059253e18a01$b98e3f10c8de8fca02eb5eaf3143a0e0695d15182675cb5a4cf53e446dc9252a,free
ailabel-1d897e85@test.co,pbkdf2$600000$eb8c5ee11ebf160fc88c41e77f334e7f$ca18da799dd0461331b61500186376b2be234df1456e2a504d17e24b9b52483e,free
soc1790095301219@t.co,pbkdf2$600000$40a0a58f8007d88ee08b59bd3a9c7961$5d77dac07e407b384e7fc174fea36a335da1ce9c81133ac70edfadef7012af5f,free
sched1790095302236@t.co,pbkdf2$600000$a56a745a4bd17f551f00fdf36abf827d$2b9b2d49412cce7cf1764bcf52d265c11eaeae6299e55209474335ff5e00cc66,free
shoplegal-1bfb04ca@test.co,pbkdf2$600000$b56d10e5b63af3d9107eb41a5267687f$bea5651609026b0476199aa10a18451115a56a148b907a45b45fa8b057d155bd,free
craft-cfc42993@test.co,pbkdf2$600000$791d50f83b2f91fb4e63d7031dbdebca$8d1e4e3b02f5f463c22d33a378b89c6c0b9d356a98ce684f21df2cbb558856c1,free
ssseo-bb6dbba8@test.co,pbkdf2$600000$3a7786dd7e7cc43691590d6e30c83ec4$223b4045c10d401183b6b3b9289a8302b246c189d6fbc86b54f5d60aee4e640c,free
ailabel-756bc99e@test.co,pbkdf2$600000$8e2b10dc5c529ec788686b2ef6d88d8d$24ae6af64c238894c8b4abebec5ba62e7405dc720b34918d8515a6f3146ad35c,free
x0@t.co,pbkdf2$600000$54a50c53ba5c41c60ae12ddd60ff5c4a$ac6a3a86eb438b3936d13ef038fadec41c0bbc9795a8570be8ccfacf4f50c814,free
x1@t.co,pbkdf2$600000$8aa005522a61d1d18bfd5266a43741a5$96fc464afd8a9e26a3f842a4e3f05270018c2ae41d6bfd73e3a62ba3f97ec626,free
x2@t.co,pbkdf2$600000$0e459db97b617f77d159c6ea761093ae$0b1a068de69adcce389e7b3165952c21e2c74474f905eb0158c0451710932bee,free
x3@t.co,pbkdf2$600000$4e3ff4abd8223f04e8cd9416f702f3ab$db21eb454542fe5b96a0553ce2606140c5d8bfe36dc6d68b39bbda0080f38743,free
x4@t.co,pbkdf2$600000$c9d8a4f05031b868f5cbb7c1fce13183$3dcbefefe14dc859030340d41f47e1aec5e2b1f20b63525cc8add6224574be55,free
x5@t.co,pbkdf2$600000$8d142ef39a84ae27f15074934b5c6a4e$0fd94538843e2181a08925285216b72a6447c39cf24663dda209419922dbe19c,free
x6@t.co,pbkdf2$600000$4193e4720fd5b0234af1e31eecfe1760$907ca21ea1c514efe8d1730745b0a19479d76b204fa193289896858d18ceff3e,free
x7@t.co,pbkdf2$600000$2d5593b0f04b260e2d183ce8ce60ec71$d34f901b879aaae3f5713bb6adcee35c433c1b33882cd941f609bdc7c7ffe3c2,free
x8@t.co,pbkdf2$600000$2a1b56e219427634e2b1cf206e00fbf1$5986c7445ef371f78ce706cc4e05204c96c5267b581b5bf0bfeb597a90c0d680,free
x9@t.co,pbkdf2$600000$8d7f72d1fded02233ee36b110610347c$a98267a1e3793d8f1adcf6b77d6c8f5e70991bb50e5dc0b752d01df1ee35ddd9,free
shoplegal-3dc41a5e@test.co,pbkdf2$600000$023cbfaeaadfb3aecd1a247057289799$846a3cb17193b909656b98588ce2c20cb8f52f144817e2ecd7ce2bd3aa02806b,free
ssseo-738c71a7@test.co,pbkdf2$600000$39ea3e15d8b4cead0dd9117227168b51$5b56b757c8c14503bdc204d515069c5d7a048a4476e9d2ac0d90c2eb040ac9e1,free
craft-ee9b57d5@test.co,pbkdf2$600000$62b4e1e46c742d0fc821548ab58cb8de$601d04ecfda486ab38765c35dc7b4dab4f3b7302e6a2c619a2de3b7831e1568a,free
ailabel-95f4e34c@test.co,pbkdf2$600000$4561b29d739c963de6a111ec9b969b68$f200e3e21c432b99fc5dd8c59ba7ebc532617882afb91f48dcb78b785c2abe42,free
shoplegal-e22a4a62@test.co,pbkdf2$600000$5a59ec2daf3164a0bf0cd534fdfdcb82$669aa36acded5e9f8932ed5d5829c5c7959f4636e1347fb07799a16eb052947f,free
ssseo-4ea1a863@test.co,pbkdf2$600000$5813d82edab4900ab31d0ab67f1f4437$9e44583f167f969f913bb7df8b52ff83cbbd32134fa1428b0be34f162e7ee69b,free
craft-1ffe1671@test.co,pbkdf2$600000$f8c9bb97b7fc924006153c2b7d6b4b1a$91d4bdedab7912a8f8c56cde9801d29274bd5a08988f280efd2650f0dac0f428,free
ailabel-e4eb3fad@test.co,pbkdf2$600000$33b8fda498ccfda135b6f4c622197888$8170882bef7252cd727cd846d77730c49a9d74c0081f5be493740c09380d3031,free
shoplegal-690aae9e@test.co,pbkdf2$600000$2f3fe70575a2961061748be786933973$c8f74eacabb1f3f3f0524cf238ddad04769c343364709461cbf6637871d95050,free
ssseo-b00b9e28@test.co,pbkdf2$600000$93f24527f6a8953fd06cfc36c3194730$7080279b83794f7e094f4242b65ea246ad97ea7d55670705747b7cbb63bfc998,free
craft-499484a1@test.co,pbkdf2$600000$d453aaed527d023851a8dc17f6cc5de8$ff655b2aa07afcff80dfb964c07642655050fc287687a2276e38a3529fd9cde8,free
ailabel-076ca5c2@test.co,pbkdf2$600000$f000a025a1446b3c1b69fe6911d30d07$12217ca39e8168d14a3459be636b5e508a27c45f669ab4fdfd54a76c9068272c,free
domc83bba@t.co,pbkdf2$600000$42980564a4d4b9078a5a82dc2f1064f3$713070d7609edc4d0c4b72dc627ae64995308942ab64432dc7439366432e172f,free
kora9aa336@t.co,pbkdf2$600000$50709978e705c23370d8368894b0c204$f47ea0da06efe945d3bf11ed0fe66748ae70be77adf1ee4a668ef74d0528722c,free
thief9aa336@t.co,pbkdf2$600000$720a61861cbe75031a8518c54721ae89$e9eb27266f7f30044ee2a1fa45b04893fda62e638e3f768f2d751459c220cd2b,free
late9aa336@t.co,pbkdf2$600000$64c05ff36ddb5e2031440a4968a515ba$9e1a2109564473a1958b1d1ff76895bba9194cc85d6a817899653118fc0e2925,free
koraa0693f@t.co,pbkdf2$600000$3382676246d34adc2231975cf1f28898$338f0924f154737d9bd1b90a893b32a5c3828b5abbc05c505bd8637e3ed2652f,free
thiefa0693f@t.co,pbkdf2$600000$f9656fd16852a1d51777c6eab568706b$29ea0cbb1ca4e4fe4bbf2d313d67a4cb071fd09d4d7cb3b424700b671f5ab389,free
latea0693f@t.co,pbkdf2$600000$24ef6218dbb9f08d9451f76bdb13ec17$40af5b17e6e5653ec3df78c6b61279e21bed964417f1bb2490bebb05ee5e2841,free
ssseo-63c81eae@test.co,pbkdf2$600000$4ba0ed913430763cc707394c177f5115$13b3093b9c0ada474be86ea4ecfd8a3a692d1bea48bf23f9c8de08e15327e1e1,free
shoplegal-1b6c15d4@test.co,pbkdf2$600000$40484de249273f09e3447fc5c9963b5a$59ddb517fddf19bc710e0cc611f0ccd03112cbdd44951e74545a3b427258f418,free
craft-a34a8ade@test.co,pbkdf2$600000$46fcf15ccbdead76030cecaf864d0101$e573e8d9ae09af1ab3583968dbc70530dae6b91b1e9fdb0dedc160089cffa1e8,free
ui9a87e1@t.co,pbkdf2$600000$6780cc2cf8e3440c522a304487d37077$54c65451e4c4382259ac36a716a0b12bf0891948e7206232effce708d2f27451,free
kora3e019e@t.co,pbkdf2$600000$c27e8ad8df24b54cb4803cfa22ae735d$c2a379c08d155761657dbbd06c88f23e874dfb26e1b2f0367352d003ed708466,free
thief3e019e@t.co,pbkdf2$600000$4ce4c856a6a661fc4dcfada1c0834ca8$12ef0c48f6b4c3724b373c4f4056f85e92cb2ea6305d0bb7ee3c18bf5351c893,free
late3e019e@t.co,pbkdf2$600000$3228678eca4a272f540bd2edb8d77c73$458d68bf7f8ad861fa65451fbf915cc0acad255656505da67f9c57da169ead99,free
mockdb0c54@example.com,pbkdf2$600000$2a527c0a88ba7813e65ca99264ba24da$058922894ab36ca890030edb53385e6a3809fb5000b87cfcc0531063b7feba90,free
frame7cb345@example.com,pbkdf2$600000$3e4dce053210057973621c5bf15b2977$912e5d24f2f5c04da815ce3f5debd5fef36acd3156871b802e57558d3c795e30,free
craft-fb06bd39@test.co,pbkdf2$600000$48684b6edd58bbe669537779cf9c1e52$4230e3630554cf42d98a5ab184b0d20764499333e1d2c783b78b813004737dc1,free
shoplegal-bad2ae6b@test.co,pbkdf2$600000$460688df91dcde07dd28cd3f0af4b5f2$6a5754277db2a8bf30c1ae6f09738d30316eda4ba9c41c0134980985caf3d72a,free
ssseo-4f2ea560@test.co,pbkdf2$600000$01f86078b0f184a484ecde812b6dc628$24b73c9f1d8a16cdb7b55af2f0baa8d126304c534d6e2968a5808d9a9b1e870e,free
kora2dd765@t.co,pbkdf2$600000$f15050ddedc4c57c131c0d3cc5e1e4c6$4a9a94977c2e03d98719a6c06809d06adbd37eaedcbe1395139bf32c14104bda,free
thief2dd765@t.co,pbkdf2$600000$c0e4f44ba9cd7e7dbfb31fd20bee8835$f01a7c81d8d303aaf606f3b66516340f21fc25f57e399ead41e335a922a0569a,free
late2dd765@t.co,pbkdf2$600000$87f7221ce4c5a24bfa5e8d52310bf725$3cec8ff71b83c29b8efd8b774112b927ba5566aca5a1c481a09740a0b3d44d9b,free
probe867917@t.co,pbkdf2$600000$58bedd3b700f738fa7b05a971fd94171$879cb4b380859b44430b3a674e675656a58b27307b991adc971658536e40edbc,free
own1790181235777@t.co,pbkdf2$600000$906d177133723f1205958d384cc8602a$82c9b3db388a592216ab54badd546a4f7557c6f81f65f570652f959ea07ad0e7,free
two1790181237099@t.co,pbkdf2$600000$06670b2799089e65f9eb0f9e87ecbbf7$f2d5f37d0cbacb8fa7569e85725ffa975d6c13441507aa26bdd4c7d2c6dd5bfc,free
own1790181353627@t.co,pbkdf2$600000$bdf75c5cc69bfe30cbf7df4fe651d542$5101044fbd053a88404b338a12b9e000f699a0b69f78274065db24f2a9ddc8cb,free
two1790181354681@t.co,pbkdf2$600000$ee2b89b1cf1e10d1bb1db81a596c3fcf$baf4f1e63542fdddb51aa4bfc37ea8fdcbe8b9ccf99ff37b02964a88f428717c,free
guided34e09a7@example.com,pbkdf2$600000$67b6f74c2604a04d32329cc71d933271$4ca5852a9803debe6e8958f21c4cce24861150b2388a70596e75dcc3ee1d7926,free
zohod34e09a7@example.com,pbkdf2$600000$f2f2590a3bc93e28bd75d16ec61a40a0$d7577c529722b807ed91d35ceb40527d78d5fb3689865cfec2fdd1743ce5eb8a,free
demod34e09a7@example.com,pbkdf2$600000$c479712a12001af735f160d2e021d354$7ff1cfa00ce0c3f2b448346915b906668ccc528f679dad7ff0ae580afea46def,free
reald34e09a7@example.com,pbkdf2$600000$fdd836d17a25cbab78489878036dc654$452fd02d93b7569f278e81ed9b952ce33015cf55ec1efb1f27bd5bd13aa8901a,free
freshd34e09a7@example.com,pbkdf2$600000$3d969dc5303ecc4a9f92d8707854f2ba$632d8c64a2c6b8c9a278a3d1071588091be4d06e4e7e51026012da9b96b4a7da,free
guide5bf45cde@example.com,pbkdf2$600000$677d1cbe8d9b7a87443f9f3c78201541$3a7c80c13f896cf0d6ea4f1dad2371bc46db9e50495193523fb615d4c5b039d5,free
zoho5bf45cde@example.com,pbkdf2$600000$17d41c4c82556a00dc362015535ee459$6e6a5e99b9824b9f8acf3bfa30dcc1d1ca0abeedd39cb93ab6173ec782edea1a,free
demo5bf45cde@example.com,pbkdf2$600000$6568a181c5085b8205cc0f73922baea3$52dcb491156258785f5d9fc066336a705954a9245851689ffe7f3d5ec32154a8,free
real5bf45cde@example.com,pbkdf2$600000$2279e35b02881b4a9654fbc0a6979c97$fb6a7356c52c3c9f24b37e4803b6ac9d8f7716a6662e829f0caa747ec48684ba,free
fresh5bf45cde@example.com,pbkdf2$600000$d866969e2e1c6536653738b179cbf40d$72d8335f2ece2d64e8a9bd604f44cf8f7dc70cdf5f61bc1a6d13e744c2200c9c,free
ailabel-df6f99b1@test.co,pbkdf2$600000$b6c4695b690fe48e3a69fb09fb6b3296$6280ad6531e70d90467f41d7fde79e4ae812b23126fb217ca9e703fae7e6a912,free
an1790182190341@t.co,pbkdf2$600000$ed870daacfd74b3b7ac7f86d76768edf$db0b8fb8f96ba6c82a02c02747ed4521c9dcc95dfd2113c29420f4459091a205,free
mix1790182191179@t.co,pbkdf2$600000$2e14d6019163491278fed8b8b443d95f$f360bb889a0dd01e96bbe671ffd50965723648e0efec9036ecafa35b06b6c586,free
ap11790182199729@t.co,pbkdf2$600000$19fcf908fff01fb4453dc69efc49f6c0$88aa1e2f7c43fc501c931b0693f4ff842d7991f6a27dd78c4ad027ebc124f7db,free
ap21790182200420@t.co,pbkdf2$600000$11848f7049a6ed7af5a8a89361f718c8$ce94dd8df91907c77947d934391251eec78dca73ede2ace3618c8342f9607489,free
ap31790182201020@t.co,pbkdf2$600000$96ff5fc3b2befbd7a6ef8abf5ccf237a$4f0dc09a17fea3f94e625e9fe1910f99cf23f4415c3010207ae56a6af439ee01,free
ap41790182201594@t.co,pbkdf2$600000$ed9bf23a5e55dce62438c2874831ad7f$c44014202ac030134711cf12ce91fba32c2ebbfc04a95a4642b968cb5141be90,free
ap51790182202306@t.co,pbkdf2$600000$5f91576091da149c796f8f9111da4ed3$abb539d83b7c8d6026fa8c1a2f943ec3a7c96a4f9b4c5688e1a5f62e0b5637b6,free
ap61790182202920@t.co,pbkdf2$600000$97b325c264bec119cf9e0f1f20454c4c$0e161c12b1b5654065624ae21c34db1b4804f655ac822683db0070503f4daf7f,free
craft-abee8535@test.co,pbkdf2$600000$3b4cb7b34ac2d5799e2e947b7b53699b$461d6d4dbd0376a0beb7ff95a13ab5a6f1186be5c2160c5d41e730a1a18d53a0,free
fest1790182214234@t.co,pbkdf2$600000$31fede19fab1ff2d3ac71318857b7076$ad00e63bb1127a7af62f1d3ab5c538da5e018d57e9387881702d4bedb166a1e4,free
story1790182215445@t.co,pbkdf2$600000$a511d8244115787d464700996e66e068$9b7b17358dca0ef0c536283ba11996536e1fd5a175c2f25cebeae7e8a447ce0c,free
perf-2c77f6f6@test.co,pbkdf2$600000$d4ee7297c48a7be93e22f4472b532035$1e9e1e57420ba2a8a6f37ccc613bedbb54a1b19fa90d0a979f3cd85636837e0c,free
guide3ebf7899@example.com,pbkdf2$600000$c777bc4320577be50c26bbaad27ff27e$54dc5da45a0c4e74e11b30bd6dabd2aae08e783fc1191f9a0d00d0cc439e7ae1,free
zoho3ebf7899@example.com,pbkdf2$600000$73e5fd31d1c378b007f13e79604db653$8c339171b4e75e1b3e29e4a84671b2509b8d94bf8cea26dd35b02c1779644bbb,free
demo3ebf7899@example.com,pbkdf2$600000$e84518c4c0fac3ce6e2c011805b8d124$02b513e081f5bf59dc04f773998cc08b2734333b5d1ec7ed24942050f3db0369,free
real3ebf7899@example.com,pbkdf2$600000$75aa8b7db42ca71fc1eb1b9b3426ca89$10381242e78f6dc5b5f5cf8c4a09c2a3279684878c72ed4cd055c7fedf0048fa,free
fresh3ebf7899@example.com,pbkdf2$600000$e23a63fc9728e27cf46554fabeeec13e$af3e32f9c6afca655c218cc69e2c09958b3ef218a5f5653b5522756d8860f796,free
shoplegal-72af6a87@test.co,pbkdf2$600000$142c65bfa88cf45f0d34f3dae1e80c12$386736251007190c6ebe9d7389e018bb93d4833e4938977097ff20036ab817a9,free
mkfresh1790182253741@t.co,pbkdf2$600000$819c07bae5a1b0b34beb6e1d86506582$dc7c884868c2b93c39581f4ba5d8d9b9f71fc6098160282fc8b31e37c878597a,free
mkrisk1790182254236@t.co,pbkdf2$600000$16668d2f4b17826443ebc34d83bf88a9$7af60e5c13385ebd718f1566644fae7163d2513732cc4861803af3378e90f5bf,free
caps-cdecd5e4@test.co.api,pbkdf2$600000$9d3120bbffbde6166f81fadf24e0e52b$90cb504782d5166f918656a14cf5b6e3b0b2eb57d26763c4a6a14098e11316ec,free
perf1790182263919@t.co,pbkdf2$600000$77a2b3dd0afee6f8df6ed0f6f7a69f1c$0a7ca5ad239fe18143a2a15aa1b2c343fbebd320be9cdb4f6b5a51b7705b5f0f,free
warm1790182264709@t.co,pbkdf2$600000$112dc16603026c20fbefe3ace108cfce$219f5e0b03ac4803b2b6cd6dc348ba10f346261496f592484c76780697a626a4,free
rep1790182288724@t.co,pbkdf2$600000$6e1e5ed2d71d869b253134b1d5ef6bd4$a4b85aad4deed5fe54a96c7ccd5703007e01649efc571557ecc1065c89dcdd0d,free
own1790182295378@t.co,pbkdf2$600000$9c4d853c41620f882f6cd5ba0396d456$4fea1d4761b0ddb1eb60b15fb3815b41ff04fd3415309fe3f51bbe99a7b22ed3,free
two1790182296390@t.co,pbkdf2$600000$dbb4ea68c169dfa15f8e433c7a957c28$90902d0b515cab1b2b0dade4554ed3003a660979ed8409f87ba138520ac4e62a,free
korabad91f@t.co,pbkdf2$600000$31e8ce6a94ba9eb256b669b8782ba2c7$596442fc5cc19dd61ce00d79f52b9bceaf8543f1540b68a59482d69395e3fad5,free
thiefbad91f@t.co,pbkdf2$600000$9ed738a39f01408336c5d363192655b8$46cca7c6165bd9f9c15c56c9720caa8ad90b029c4538dfe694f0e37f1f87e8a2,free
latebad91f@t.co,pbkdf2$600000$039499bbe02ad01c25157e9382e41978$9c65d58dffc2df992e5a71857fbac3d30272c24742144f6e3f2292e5efd3a8aa,free
soc1790182309879@t.co,pbkdf2$600000$e089cbaca662a4c94e9bd4887e30960c$b99955a62a18665b76c956a34da926c674ca7e75d4ebf8832a33305221067038,free
sched1790182310647@t.co,pbkdf2$600000$fbb5967ca840b5006c7611ea175c320b$b773a8a9d45f169001fe0a6c52e75e56e366a2b47211935213819d12ba5ac983,free
ssseo-8f1cb110@test.co,pbkdf2$600000$c1a868fd07818989c0af44cbf747fc0d$f524e0cceefe316f5a7b7f4d3ab71f7b3157682594210c268f66271d7c75d349,free
sup1790182327723@t.co,pbkdf2$600000$851e8112a529e729282e5b52927f0461$9ae4e47f930154cecfc9aa829231f41d1879fcd23367a5af97554c0b238dcdee,free
up1790182333720@t.co,pbkdf2$600000$09715f54f89118b3324a397d4da48bbd$04208304fda7dbd350c10a5c50bac39967944f4a10fcb7bd7b3c65b0ada95f87,free
caps-28710a60@test.co.api,pbkdf2$600000$1b444d0af9c28917da54ce8dee40ae67$e76469d5388ab687f98c595768582a33ee650ddb0139f6196803d80b53b236e9,free
perf1790182412653@t.co,pbkdf2$600000$ea9fd7d0ade5be10b2b79978839d456c$25f2d16e419de5812b70b347c0b873d42b7fa0af509776ac4d2449f4bfc923cb,free
warm1790182413441@t.co,pbkdf2$600000$bd035d7af555aa71cbacec8f3684f165$89372581464db3e4d1935db525e758483543d722bcf2b6bb0fc766c010323776,free
sup1790182437975@t.co,pbkdf2$600000$4ec65756a5bc6e1bad806cf179549145$dd13b5eee8b5deef3d03a5c21b2912969f4f78b08fb055dab7fbf3ea83b1a524,free
caps-10a71a10@test.co.api,pbkdf2$600000$9baacf98ecb391649704c7bf7840be4f$8cc43f5a4b5b360de26e65aa820158e6d35202b33a95e9c77ecefecec4038727,free
perf1790182466532@t.co,pbkdf2$600000$3c39cc6fd74c488cea4b3ae6ad9002b3$11a2194918bdd7a4ae9636c548a1d3299f3ee3e8588ac0e8740aba4155241311,free
warm1790182467221@t.co,pbkdf2$600000$7950e0717d502a54f742e2954040e6d5$b2f409592885c1aced97bf6e8959645808316ae5528c4e0af57ed3dc6f3fd2b6,free
sup1790182484960@t.co,pbkdf2$600000$479bdbf4b082316ad0cf6fd5499d1601$2b839c842459454babf4245b016173276235ef28c16cd84c690d279532825740,free
perf1790182504569@t.co,pbkdf2$600000$bdddfc85230d18a6064096c0e578ec1a$0cf17b7784a76cf0059c5ca4e39ea3268e861ae52ec322d8d9c8b546face45d0,free
warm1790182505219@t.co,pbkdf2$600000$bf6eaabfa8aca606d47caf236e93a0a1$a4b3425aa2a5d92d6ca8e74448eae709c1f062fb8499644a6d14e9c589155bb5,free
sup1790182509726@t.co,pbkdf2$600000$e5d4ed7ea9906d4243e536b9d9b8b9f2$002b9ace31d06958f75ff0e9c48a57323146b1b19607ae4c2e41dd2bc2b6f072,free
perf1790182618145@t.co,pbkdf2$600000$58ad5b5ae25d7e1f4eb6b5b3e431c57a$1c12ceef9958d5434e05ade51a37e33898dec731c25c5629822fa46164207e7c,free
warm1790182618830@t.co,pbkdf2$600000$274ee7b4f5bfa56613dbd305c3212566$b64d5c5f3cbe025c31c159b69b8ef4e08a88cc572510872ad5ce529241741d7d,free
sup1790182623506@t.co,pbkdf2$600000$e4d624e8ce72ecaad66c98a840b3c906$1da1bdf188c32f69275c0d0e9f7d0bc5dbd43d0f5f4664b0d987a907b611b5c9,free
guideb6a315bb@example.com,pbkdf2$600000$c50e6e385e9cc4d6928dcaf824f1b4a1$2eeb0c94b4862554212463058aed0edad5877bef63c174bf8f13cd91867e5d0c,free
zohob6a315bb@example.com,pbkdf2$600000$a40c0608cb20dbd1e3a93ceb9aba68c0$ee45d3786b4d9ca5e80ef99755abd568ee5d7b00e7689c7cc907ae54ccb25cf8,free
demob6a315bb@example.com,pbkdf2$600000$d903c95a77b783a16f8922ad59bb2f1f$025700612033464ae0f876f3bdd3b4fa3ea38215c9a15eafa2c1b1c1762f78c3,free
realb6a315bb@example.com,pbkdf2$600000$8f2aac424b39a0e36073eb254fe77d0d$6cc1216e5b39876036a4675a04d3fa4b1d09ffe2a52fd2ddd6182e7e0a82a145,free
freshb6a315bb@example.com,pbkdf2$600000$e8f1a5b7edf8a167b21977378254a06b$6cf561498258e351d03c199a5612bcf09bd1832dd95cbc2de647451e7abdac86,free
guideef9ed433@example.com,pbkdf2$600000$43a3950cf1a1a7641b434c5a092b015b$e290a8da8c957ad88bba5ff4ddd84a227acbce42203a67d253dfd724e833414d,free
zohoef9ed433@example.com,pbkdf2$600000$be546f1c0805d577345cc0eb79d5892c$2d3f4223faab7a9768565728da7f496768d039cba3b34884fee07e2ebf59c205,free
demoef9ed433@example.com,pbkdf2$600000$b92dbc8e44711e1c2880dd68ee50ad04$bfe65fbda23be09efc14f9a9ba3435e76f3febe21b61be445518d8f59f2279b5,free
realef9ed433@example.com,pbkdf2$600000$f6088f9f84bd297b8049701cbe5e5a91$1db39d1354169fb4ef6e63fe58ab034f524979d1a47decbd31e34857b7a3bceb,free
freshef9ed433@example.com,pbkdf2$600000$9bd1b5cba8605d88ed1bf373d0579297$d0e3197d770152d5052340941b38e4a01c36d691c680eea10034b43b6cb897eb,free
guide6e8932a7@example.com,pbkdf2$600000$1d714ceab1eafec352bf1e9ac3f30b09$46e393e1b4cc740c54dde2755fc4fc48b5ef73213636f0afa94102c18ce72f88,free
zoho6e8932a7@example.com,pbkdf2$600000$43c38c41a7fc5c61730a8e2237a3cfd2$693ff8e5aaed30fdecf01e0745a9488af08062a0653c45d3707c2a7e1a033655,free
demo6e8932a7@example.com,pbkdf2$600000$6e821de0ff2b6ac04cd3fa3a4722a922$21e57c8e72540539ba0dfec831b3f7dc19941bcf5e7e38ab9d12da6453e45360,free
real6e8932a7@example.com,pbkdf2$600000$708789270c9da762c069c11453b07394$9efae02799b141cee42ec093d580965db2d03781ec71c3ca294961fc783e8c30,free
fresh6e8932a7@example.com,pbkdf2$600000$88caa3a237e539c1503a49f221ff7327$17ab43b4eb17c660e868046b43f2ef5b03e745f36fa71cbbfaa4f6efc088923a,free
guide8ef07e43@example.com,pbkdf2$600000$6dc8aa837f5d168ccc420126b583bd47$0a3d108f13c52fe62cee0dd6f990c8a70e06ab9f81f0cab80acfc904f611cf5e,free
zoho8ef07e43@example.com,pbkdf2$600000$344768ca2016493aa52950f7ed0ba81d$7c3abab0242b7301cb889bd6eccd0c99691c3bee511eb6993c14494911fb4833,free
demo8ef07e43@example.com,pbkdf2$600000$6f428438d1c88f3c37413c5837abc971$091b15e74a63748c36a500207a19508b088365ed53d4f880918ce22b683935da,free
real8ef07e43@example.com,pbkdf2$600000$8f63aa072e8dd62ad846563e511cbcab$ae21a40def134b58e6b11b6a6d42ebe66998009757741a64fca1c1736e4645c8,free
fresh8ef07e43@example.com,pbkdf2$600000$c83531910194fbe711482d151448df5b$aa1795b32298cdfa21d59df756c2d621fb27f50116424d0b69bf42c72d3fa86c,free
guide89f313c0@example.com,pbkdf2$600000$66a25fa328868b28237ac74afe6b646d$680471630727e3a6f48a3adc32bd3e7c21ac8db3b9e5b7faa256ec5b3d52c5d6,free
zoho89f313c0@example.com,pbkdf2$600000$4ecca322b6ed809e01260726a4da52de$459ed5c2a2c32f4dbe5e453efc88479552b962a89ca587311b50a93cc9f0ddbb,free
demo89f313c0@example.com,pbkdf2$600000$5dade0b4b2ab33cd08a98ad1e7d94c1a$6566950b51893c772498e60c448939a72715eefde470d30128f94498950f448a,free
real89f313c0@example.com,pbkdf2$600000$edaec32bfa9f00462b848ddac46031ed$a8c3c7e8bbcb0df92b03570df1d8fe2143efeb789b5f422e17efe84c181354c8,free
fresh89f313c0@example.com,pbkdf2$600000$fa4514439cc6501691b4ac1a3a1ed6c1$47a6634822b473638ee4a02dfc81713af4dab2f8270aee988d1dbeeb464fed26,free
ailabel-e3b66d06@test.co,pbkdf2$600000$a2b4b53e114f748e56b45f93f38b2ad0$6dd96b3a667ecaa3f3e7be3f6a5c086935fd34a2acf30a7a3989abe1a99934c7,free
an1790182811884@t.co,pbkdf2$600000$7bdea14d1efa33437734f8c6f7efb60e$8fa590d94bb0a4401d7c88daffdf988963268e560400e86d5d1e0787eab3add3,free
mix1790182812745@t.co,pbkdf2$600000$4ddecc6abc8928b55aaff5e2c7b070f3$e7c5ad0038eb4b8f324a613f31dce8293022c81aca1642fd8bc90d04941d4af7,free
ap11790182823587@t.co,pbkdf2$600000$2941d24a151b8cc5aa3d6b62df18a22a$8bfe6efc855cb67c68cd306b04dd1109c2d9249a9d483f435767add718c39066,free
ap21790182824305@t.co,pbkdf2$600000$81e0a218284cf84b38a9886a61c81654$db2db0df7d355868683f9ca3653d8d97a1cc3b714331708f78293d07bd7678c0,free
ap31790182824887@t.co,pbkdf2$600000$be23c6cb8d7986774d00b4bc78e22b2a$43544e2b0a33b53a81850d8f8ab0352c1e29f74b6e3618cd204cdfe5121db491,free
ap41790182825462@t.co,pbkdf2$600000$65e359ea9b6beb2e5b3e1c6c77ed5d2e$afe7c339a9ad2253d1f145ea7db5b9e04ee1fa372e10168b1e86bc009ccb82fe,free
ap51790182826187@t.co,pbkdf2$600000$6d144c2631d86df2a33f72640b9649e0$e83d0ee3eff1b9aa49da88c18f03d238b6e5461112d64b3d8ad709128cb3db46,free
ap61790182826847@t.co,pbkdf2$600000$4d0f10efb10e0f05fca06d4228a5edbe$133f1e125f1e3ab2eb302cf1f865c36a70286a3b4468275d1c71c3a393c9c6b9,free
craft-a403cd62@test.co,pbkdf2$600000$efb180345dffb56828e55b376b3f3dd8$bdef9f85b394bb9d58fc1cd3eac9db1fe68d2196e667702844fc03a9a405a576,free
fest1790182838135@t.co,pbkdf2$600000$f5acb54924c85ffe7386708c1ed81c0c$4ea5c697c1945de92126cd8ecac35a0831b52cd44d48e2136078c7ecf6f59374,free
story1790182839272@t.co,pbkdf2$600000$3e01207e6141d220a303e9feed19ca8e$5c1cd655e6a27979256e2dcd4bd61f859ef52b52510bf42dd674c2ecdeee0c81,free
perf-7adf7e9d@test.co,pbkdf2$600000$4a2b06ce1f8fb573c52f7a20dc7e3fd9$55e48634a903f3fb39fc0a0f2473f1f721dcbfd60cbe09fd99df218a339c714c,free
guidefbc2e6f4@example.com,pbkdf2$600000$dafac1b57df5ffa8cd9ecccbc3b7f3f9$653c13dde42cb9bd182303f78420906527df0dd8c20569165ba0f2782bcf0d7d,free
zohofbc2e6f4@example.com,pbkdf2$600000$6d9acc3d9aede8363ba05b38a4d1e8e4$de22941c74f205ac68f6538278a37ee236a274b34119a94d9ee864188defe310,free
demofbc2e6f4@example.com,pbkdf2$600000$097ffbbf9fb295e545e4743c0f786bad$ae269aed1f199caccc880ab2f9fbdebc26a1fef90257906fcd26c5819c5af98e,free
realfbc2e6f4@example.com,pbkdf2$600000$c8d598bf5c751129665e33e6d8ad53de$96e7a6f6e56f20654dc4968bc9e964c1f739279e848500031c0b940bf4e69c6b,free
freshfbc2e6f4@example.com,pbkdf2$600000$3c2f4fbd8698964e1ee2bdf08c2d2369$aeda125960b19eae880b4382aed496e163b7f6e1e3cb065f6b324ec307a94cef,free
shoplegal-bcd74564@test.co,pbkdf2$600000$9fdedcf76c54daab793f8e4b99bfe490$0c00ac666c2753f4a3eeee92f5a13f181ffcf58b1b8a3bee61825ef8a6d31fed,free
mkfresh1790182872526@t.co,pbkdf2$600000$4d0d9bad354c23a864262c064d360463$c01142053d0ed916b814c2734b1e59fc2bd71eb7f6138fd78f8b68861ed657c7,free
mkrisk1790182873035@t.co,pbkdf2$600000$d6ed39196e74b056c7487336f15a062c$8df3273cdcc9d24309a7adb9bc20ebce5fa80967cbab262483adedf8a3211e1a,free
caps-f0761cb0@test.co.api,pbkdf2$600000$180519459baa1833972de5a596d8324a$5b2fcdc88d7ee04d329eeb4e48ac9bada5df0457788a858865a1214c32068ac3,free
perf1790182882550@t.co,pbkdf2$600000$e25ca83cfcdc325d6233c67f600d2be6$8cf62c738bc7e18a5340e157f4948871b287364d7204ce8082d4bf69fe94dbbb,free
warm1790182883194@t.co,pbkdf2$600000$68c804c727501b7c2d94ccd1fb2cf153$ae00f9dc64dd71f60c62bc4c3b1bb100ac53704536374c530fb24f420ca28cd4,free
rep1790182905811@t.co,pbkdf2$600000$d4148d974e9da6d5d6fabf10e2686976$c6d9c6fa77db3e64e7b0614295cd1ba34a215f5b45c9d1acd8ff171d8dc6daf0,free
own1790182912494@t.co,pbkdf2$600000$be25b84abc37044b06e363e5c3a6e117$e12dabbbcd0cb15ea621f6519d7b49e815a0a9adb2971cfd58ac0a1ecd6a715f,free
two1790182913514@t.co,pbkdf2$600000$f927aa527b1bca6bafc2334b14ca6253$8dd9b9947708c7a62ef7ff75d3c77a0cd556617447afa6233fea9db03746a591,free
korab1c614@t.co,pbkdf2$600000$234a88337d00d650b2ff78d62723a631$9db9e2b657d9c85d5e0c0faabd4100f22d522c9cd2d272d5edaf3282dda0b3ac,free
thiefb1c614@t.co,pbkdf2$600000$792f5ae3799f0048d61f6d2aa240fedb$ad1c272c361007cfe45156076b6c6dbb14620d5daa3fc59e0a1870e7405d3844,free
lateb1c614@t.co,pbkdf2$600000$230b2871622075ffdc3aec196a5f9c95$f4ed1315d985f1cbc4dc5f638a852bdd618a17e6a180cd2fe61b1cfe9a7813b1,free
soc1790182926726@t.co,pbkdf2$600000$722cd32bead56448adc76ddcb9b7c5ca$e15ac774035c9c04c0c140aa04e79e7f636525446fc3a35a7959ac4ac9c119ed,free
sched1790182927472@t.co,pbkdf2$600000$0dea44eef5f2c650f4cdc45c572d826e$66c051874d42645ff72dd4afa2564a4fd213e2399d564f9c5682c497f8639ae6,free
ssseo-5f8f4cb6@test.co,pbkdf2$600000$31a20dc47aaba0de8040a67148675e00$117f5b117b7edff9c38447df418ef1e10c91f457713893d4c46488cd5d85ede7,free
sup1790182944047@t.co,pbkdf2$600000$5655539e5181739e0af6621c38e7f887$78d9d4a9b9c2e2e20a0dfb1bcbb4deea5a2eff275838b7ad15bc8c481f6b7ff9,free
up1790182949617@t.co,pbkdf2$600000$01609c321ceb01232ede95dba2eebea0$057b738dbdab8c2af10259c9baccb907f91a3b7aa5ebce3f3cb1da4784c3457d,free
kora3be390@gmail.com,pbkdf2$600000$3d576c9844713d49125184c0b7590d7f$2f465df7105c9788ebf716ba04dd793fd9289da6fd929aa09ba85dccab6c3f05,free
ailabel-fa4e146d@test.co,pbkdf2$600000$8e54a1765ae1c2faf181872798ee7deb$565f5f82cb6d02379e374677eedc8b52a1ca50a982ed75e766c0afe700bcbd02,free
an1790190019475@t.co,pbkdf2$600000$68620280f9dd45b45552fd6384f718c9$72ea6dfd625d44fa1a78bd9c04298c611bd777491731adc5d46a557ce6c36103,free
mix1790190020531@t.co,pbkdf2$600000$15ed6ddf3e9a8fd4c3d181fb0fb60aaf$4164b64906877c31a924066016dcaa3d0051ad856f29591321ee5d8555fd62b8,free
ap11790190033429@t.co,pbkdf2$600000$4e33146873d4cac4ce9c02faf59b7e95$b1e0c7803cd6e51f1493afd33d91e32f726f114aab1b64e079f5379ba92fdfec,free
ap21790190034898@t.co,pbkdf2$600000$e5ebcd52cf9a390205fc4e4f2af24496$ad4318be41aa1481ca114b95a00dbabf2909136de32dcbc2c15d8779351efe86,free
ap31790190036027@t.co,pbkdf2$600000$b37346113613b331ac99b95554c75f16$b7e70361d3fd87b6692c7c573f6b5dca5c036f37e46cf459f3b3bcb4cc484701,free
ap41790190037150@t.co,pbkdf2$600000$feaeb9b07ded365b5af251eaee8ba964$f4dc881d160ff28d6fbc5aa0010ab4bc1d2403ba77141e1abf15ff77d11d63b4,free
ap51790190038372@t.co,pbkdf2$600000$87ea96e17bacf2247433e2fe8b91547a$5601f19ba5f6d78901f888a183a1ef7edd4fc7742392ca5b847faf25fb997e12,free
ap61790190039539@t.co,pbkdf2$600000$629f2efe3710269d662251e259068e01$ec7e944aadcca2e08c771809cc1933d42f3901202949de69f193bc5ceac09dd3,free
craft-6250cad7@test.co,pbkdf2$600000$c598b1f02e54e56a323a79cd1766c3de$ede792cc2642114d834ede69037862984c34185f41acc752055395f80c08f85d,free
fest1790190052703@t.co,pbkdf2$600000$e881eff28e1f0ef47f868ad85c1a9d7b$75faa3b302665a5bfd475ad9836f44500b9cca8316dc8a1e4c2c0c97514baaf3,free
story1790190054197@t.co,pbkdf2$600000$ee016a75879d25922aeff3c852342b65$cad5661365e0371af72a3d20bf78b940daca306e7a0dad2c56946393320de531,free
perf-abccf522@test.co,pbkdf2$600000$2ca9d38a7269286a9202fefeaabec83c$1c0b843ab083ac4e852bd397dfd2a9813a3b6bcef4f29c5aca1bd17f8508c4e7,free
guide9a36baf7@example.com,pbkdf2$600000$06550a62d889e9a12d2cbed11d8e5161$430eb1bb8659ed9faa541c552168adaf4ba89b23ec5d17c681d924664fbd0d70,free
zoho9a36baf7@example.com,pbkdf2$600000$310a241690601fb9fb787ca6dcb32b9b$1a0bfa9d9e8ec38f69c1fb1c060ffa02d7ceee5c0413115bdfc48b3262e3fe5e,free
demo9a36baf7@example.com,pbkdf2$600000$486c636ed937a4205ed32937af473053$add8905f5528df4ec363cf3d03c45bf0cdb086e6d58fbc0b6d81b0671332790f,free
real9a36baf7@example.com,pbkdf2$600000$2a14eee7ddc09f40aa8fd9f7015295d3$06d8123456c1d74ed0b99151338c56198f815ab4b90b981f993b6f9c7c38d08e,free
fresh9a36baf7@example.com,pbkdf2$600000$86b4daaecb967946a3b93a0f6a070930$15dddccd66c24748707c5d862f2e8aa77d34f07c7572e54138927aebf1cbb02b,free
shoplegal-32137fb9@test.co,pbkdf2$600000$90f1daa28a51e3e07eda4bd3b7ffe04d$f02a30d01ac86e92dfb98485920898be1c0e3a537c6f45cfe7fce351d006774c,free
mkfresh1790190093215@t.co,pbkdf2$600000$01bd863055f81f6d67689f6ff1049939$fbacd05ed9285a6063c642acc6db597d99b96d51fd2ae29acaf2cec235adf6f3,free
mkrisk1790190094117@t.co,pbkdf2$600000$3ca12d49ffdabd4d6add9f21463fb3cf$d13c35a97f2be743f6045edd5dcd16b28b38327f3a1329f0a2010ba996d8244c,free
caps-80deb46f@test.co.api,pbkdf2$600000$651fc8933271e1d52bbd7371ccc2fe5c$6d730d89ffeb71c18f6a89999ed531657f09c877a766ea1a467382e2d7febfa2,free
perf1790190105753@t.co,pbkdf2$600000$b4a474761b519dd51d8def5f49e78383$eeca758a56a3198c1b36e1b4d1e594b328e19497bbf23baa89dffe9f2dd0ab11,free
warm1790190106861@t.co,pbkdf2$600000$3f684ed01903c567d07552aa5ccf31a3$378fa7f4fc6db2c61e57f78384edd5975153a3bf2511246dfaab5f000759a09a,free
rep1790190133225@t.co,pbkdf2$600000$14448d536ec6afc44c0aa88b9644cce5$9829186ad4a4c8d32cab1bffb51b5a16563e8deb629493cbe54640da954269b4,free
own1790190141380@t.co,pbkdf2$600000$1f2fd7ab659dfc99ed21eae8e458945e$f59785b178e7b403a78fec07a8c826b0d5a6245573cbda95150856c8fb0c79d1,free
two1790190142854@t.co,pbkdf2$600000$6ac83c5879e5fc0398cd46b31930606e$0a6fb7a101119fe1f51aeb335c29e1f83addb11ccf1504d76ea2a4730d0beddf,free
kora858d34@t.co,pbkdf2$600000$ec03dce77a25677f41b4c4173516907b$096f6e5ea09cc6f3fe6e3350e13716d23c37270acddedf5ff88b40d6b3b871c6,free
thief858d34@t.co,pbkdf2$600000$faee87f96da38cab7740012509b78841$29b7ef007492e5fae2053afdbc1cc3e2088c32bb82f6c8046f441703a7118c8d,free
late858d34@t.co,pbkdf2$600000$afef36c3ca2b002c070a3f3f50fcf993$39396c52e14bfa2939922cf68e9428e499daa2a9c3a804baf2e2cf491454916c,free
soc1790190157954@t.co,pbkdf2$600000$2d4f6196d3a884717adece7e15d4227c$ff483a5cb65421785ba6beb454b34d1ecb8d6f0cd6db35325de4cd28e498d3d6,free
sched1790190159098@t.co,pbkdf2$600000$9ff67aac87e93b518e7fa2193534f68d$2aa4b4b7d32990582dd0ff56560934e03ef021dc59ec94421f3a0bae278f336b,free
ssseo-223e395f@test.co,pbkdf2$600000$cce0d166a54cc9bcd6b247896ce8753f$a96f612c7fc8d834495768878a8c41a8a1389521edde9bbb8773588d6f370d50,free
sup1790190179382@t.co,pbkdf2$600000$e0889b9ff0079d87b433bf1979070a06$a74c9675d2f5db4fa0fe5656cda6eec5481d03a73457dbb464a68c558ac99ba0,free
up1790190186310@t.co,pbkdf2$600000$13d05799b1516de5c6e813b80c0487e2$a752da0a75aaf9679e1b8b975956581dab7a857e05d81596be210975e096afc7,free
shoplegal-61269ce8@test.co,pbkdf2$600000$43f0f4f3b4e619b0c92109fdac7b53a1$ff6760de153f71d4151fbde79125dadd897381d9b2e9e6cec9f42385012e2a2a,free
craft-4b08b581@test.co,pbkdf2$600000$79b51a98b5465f891ec27b19ab3306bc$e6b20d0a8ea27070e34c0254e589d761b07c0f4091361570854d2cbc7e238085,free
ssseo-1eae6ca6@test.co,pbkdf2$600000$48ec58c6ef4da10ff2e773fb65042418$c6b1c065c1f23b7369686ac970cd4705f10b0219fc6c95c639a7b8dcb3c4fc63,free
guidee7835098@example.com,pbkdf2$600000$4a8ecbe6c6da7e41b641155a504fdb84$81b931f5c8cbcf497696921e3d9c884c7778586b4ad236ce762bf2e12952713b,free
zohoe7835098@example.com,pbkdf2$600000$4bb770141a57e81edc876498ea89f27e$e42030c665b7c6a6ab52b32f96324eefbc484b247a27fc4d94160034369993f1,free
demoe7835098@example.com,pbkdf2$600000$7d7487a5b168453a69d2938356a77483$756be07f6a461d1846e79d96defdebad0f0bce1f2f4fce1346f57c6504fd6b44,free
reale7835098@example.com,pbkdf2$600000$9ca0a51c092181c43a913c4a3e45965a$f4daa482a24e5807eeceea892557c854ee42f82cb35f0ba740057f1863fa1317,free
freshe7835098@example.com,pbkdf2$600000$4f2bd8b08d078db56e3fb9b8724f1d1b$204e3af3315bf054d3cefc0fe05c67de7394b6149c17748d596a8f3aebfb8999,free
craft-39fd16ca@test.co,pbkdf2$600000$0a57999f7c6549a84b5397ecbed6c10b$71ed2547c736ac2cb61ecd270bd134df09fe10ebb8f0bbc159d2cfbcda8ff97a,free
ailabel-bec1ea58@test.co,pbkdf2$600000$75c6525047767caabc3153164048ef6e$c4d85e94be815ff05690211a8a79ec3cc746c36199680af1c757b01331f9036c,free
an1790191525954@t.co,pbkdf2$600000$37af9443d588da4516439d95c9e6af56$d536dffad65e4084f1db298f11772213657933244c7f64a857a0d15588c4160b,free
mix1790191527036@t.co,pbkdf2$600000$b08510b1846e5a6aa71a8ecc03322195$8cc201a70a6c81bd5bff2b55da09fdf1340b5fa5063e0fa6685cbf92725843bf,free
ap11790191537086@t.co,pbkdf2$600000$04c9e367e84fe2f233e1c75f9d9b0c95$8822d8c40f2f79fb2c2c3d8257f9931bdbec8d8f5cc5494309f96c732eeefbfb,free
ap21790191537936@t.co,pbkdf2$600000$93c125c4d5c37c8b60607d4e0b3ca3df$dedb916d7d83fc513d076b22380470dece674704dfba3fdc920cee8e325a510b,free
ap31790191538653@t.co,pbkdf2$600000$96632e010bbca7bab749400b70dfc44b$4f66e195e00bbac1ea67e61a7a023ef255c85d4ecaef379ec282ef8cc2a67a5b,free
ap41790191539387@t.co,pbkdf2$600000$86e51b5a47edbbb0b206e798fe30e595$1e228a14730a31415d89e59a1e7a86992947a6374b4cf5df9c72aeb6ab517c55,free
ap51790191540262@t.co,pbkdf2$600000$7679f1b6326abc99f4b389744a7a9e7b$2a376a4ef63175c5fa1461b1251cac49f8c535cf9eefcd76800876a614eccf93,free
ap61790191541025@t.co,pbkdf2$600000$c61d18a394b6bc3129618ce00e667629$4a127713cdefb87537814819b9c4cb0138494aced9cc1e0bfaf85117b179fb9c,free
craft-6bb8cc06@test.co,pbkdf2$600000$4d5dfe969a631ae302f0e21fef5102b4$957d0b1f9482a101f56515cc11ff31c6a09066130ae1a06d86e945ea5cd29be6,free
fest1790191552732@t.co,pbkdf2$600000$336e9e36aea141c7250bb5a8f27b4337$8bb379006b2758e15ca54a18c9b250b80b9df29fb91a82e9b1f5d1fb691283ae,free
story1790191553999@t.co,pbkdf2$600000$80ba29dc63461487d8a3a1a1502a1242$37cc26cf4dacc8b91fc6f88fc46cc2dcdb1bc7c5ed6f0d27ffd1edb5ae090630,free
perf-83be7a94@test.co,pbkdf2$600000$01d9f3fb5e87606e91c5c7de6b8fad31$b247d88aca7879e169f979c677b246acce499272696864d017446e7528c97f1e,free
guided4f0047a@example.com,pbkdf2$600000$760c2a5471e02c47c3b0af5dba62c02b$f178303404f46c1bf4e7c5c52f805d611e09bb137a167c969eaa9631f671bb10,free
zohod4f0047a@example.com,pbkdf2$600000$7e6878dcfbf4ba00a9465c76969e882d$d415fee442bfb4263e7e01dbf5f8fa27930bebcbd5bd6092dc532ab374c30419,free
demod4f0047a@example.com,pbkdf2$600000$89f5da145ed63e71f4e898aa1281644f$7fcc6f17fdd46ce4d5fab7f770f8f4bf8e903075bcaecf433b4c8c6e2cb08ecb,free
reald4f0047a@example.com,pbkdf2$600000$36724cf2b4e5ac0f4fe224c4d22f241f$d26be23a41fff78fa53d74686f94066607d963b53c1756b77aa0d92b11575846,free
freshd4f0047a@example.com,pbkdf2$600000$937aa0d2de5d91fb9457bc5a499a810c$98d0da5ba3fd14dc7bf4bb6252d8ce02e39418a45834d21e385c4a405c6378d3,free
shoplegal-5da36f67@test.co,pbkdf2$600000$4368d0a9ebeff7d29adb47dca80d74a2$91ee354103f62948d267abbeb7e741ac139d8c672416e0504aa116d52e2f6159,free
mkfresh1790191588817@t.co,pbkdf2$600000$e8e390d193716301082bea97f43e3bf5$62e1ada7464ba9e64ea86deb40bd725cc3325b8f47ecbaf9f9e3765de14a4040,free
mkrisk1790191589481@t.co,pbkdf2$600000$a4a1c4978ac30398000b820a3749f285$3cbed30fac5e3cf86743e4a3b418e76d53b3649ea8b9053268671c6a440ab8b2,free
caps-e21cf7a0@test.co.api,pbkdf2$600000$8c4a691a6806fb946d0f5c261ea3e719$97d9ac85343c4117af8723639fc4355a7da0917bb064de2330f4155207a565d1,free
perf1790191599467@t.co,pbkdf2$600000$a8964ed8824beb8d8d81e5c2ade5c2de$bdcf7390a322b815605ed8567dce831068e805f9f85fb289bed72059748a2b80,free
warm1790191600306@t.co,pbkdf2$600000$82e3c7e3e306571780012592dd762091$e1edc86f3299d0437f3c8d169c1833c8da16fb3e3bd93e0e6b500addd705cfb6,free
rep1790191623365@t.co,pbkdf2$600000$19cc60326a4bda7a26d7bc3f6befdfb1$04c77a5d6b2d7a6728ff1acebc112f1d58fcf436d86b003e4514a3cd26cdd7cc,free
own1790191630386@t.co,pbkdf2$600000$1062693b357c06cfd5c00627367a0596$50b85b3b44c8033cbd67132c445b061deebfec98c80d0ed73ee3fe3711175980,free
two1790191631691@t.co,pbkdf2$600000$1b1836587ed70048f8d85426dd6d134d$6204f44b7fa766cedd1fd6120bbadbc8eee5d8ea383a10b598bfb007c9626586,free
korae353fa@t.co,pbkdf2$600000$a23d9563c81981918e7c1c64ed261a22$0d988173e470e77a0763d60acac211783743e47ef918f6be49f39469154e3ba7,free
thiefe353fa@t.co,pbkdf2$600000$348e7a76206743e2eb13183bf7c0b889$46e136302351b806a1489bfd42275ffacf9fcafb2ae704df9e225b00f3aa2e0d,free
latee353fa@t.co,pbkdf2$600000$8bfe75f04d1928f0461a77e623666759$cfd8ad828e488ca8d1c5de5cba4bee5aec5d9a79d4a62a40f3fc25f41e1aa136,free
soc1790191645591@t.co,pbkdf2$600000$1bc49612d071c17343b9675aedc0091d$88c9b0f8779aed778af3c0adbfe424efe80ef89826862e3ce0410cc9fe512806,free
sched1790191646538@t.co,pbkdf2$600000$d4eebb66b9952140555e12ee60cf7093$45d03645b9397f057471f7518f1b86a6581d77ab41980bda405f82992eff2da1,free
ssseo-32b85f48@test.co,pbkdf2$600000$d1477723ff59148d6e7866708c7e1543$8ff45e76f6c21ddc61ca4321e461dbdbe38c08c03753bffef2a1177001769149,free
sup1790191664112@t.co,pbkdf2$600000$07c32da4cbfd6f717f130ef8cfb43e07$bc8b4086b2841f5c4f72a6ed55692401c156c2228b010175aa1f790a3123a8a2,free
up1790191670129@t.co,pbkdf2$600000$111f0ffa0b7ac9235ef0fd0d00a47992$d021959f99275d2675c8c483f0a5a2cd774fcffb64498df78f0f9e5099e32101,free
